[0. 0. 0. 0. 0. 0. 0. 0. 0. 0. 0. 0. 0. 0. 0. 0. 0. 0. 0. 0. 0. 0. 0. 0.],"[ 0.42634831  0.38661413  0.76750568  0.08702737  0.33448462  0.16697323
  0.68718358  0.2819394   0.59621406  1.02932203  0.64743306  0.25736192
 -0.01700032  0.84191761  0.76691849  0.66349058  0.21327557 -0.0195377
  0.44643294  0.09809684  0.5949483   0.26212405  0.19497155  0.49654715]",1
[0. 0. 0. 0. 0. 0. 0. 0. 0. 0. 0. 0. 0. 0. 0. 0. 0. 0. 0. 0. 0. 0. 0. 0.],"[ 0.44061798  0.37234447  0.78177535  0.10129703  0.34875429  0.15270356
  0.67291391  0.29620907  0.61048373  1.01505237  0.66170273  0.24309225
 -0.00273065  0.82764794  0.75264882  0.67776025  0.22754523 -0.03380737
  0.46070261  0.1123665   0.58067863  0.27639372  0.18070188  0.51081682]",2
[0. 0. 0. 0. 0. 0. 0. 0. 0. 0. 0. 0. 0. 0. 0. 0. 0. 0. 0. 0. 0. 0. 0. 0.],"[ 0.48715015  0.41887664  0.73524318  0.14782921  0.30222212  0.19923574
  0.62638174  0.2496769   0.56395155  1.06158454  0.61517056  0.19656008
 -0.04926283  0.78111577  0.79918099  0.72429242  0.18101306 -0.08033954
  0.41417044  0.15889867  0.53414646  0.22986155  0.22723405  0.46428465]",3
[0. 0. 0. 0. 0. 0. 0. 0. 0. 0. 0. 0. 0. 0. 0. 0. 0. 0. 0. 0. 0. 0. 0. 0.],"[ 0.55826387  0.48999036  0.66412946  0.07671548  0.23110839  0.27034946
  0.55526802  0.32079062  0.63506527  1.13269826  0.54405684  0.2676738
  0.02185089  0.71000205  0.87029471  0.79540614  0.10989934 -0.15145326
  0.34305672  0.2300124   0.60526018  0.15874783  0.29834777  0.53539837]",4
[0. 0. 0. 0. 0. 0. 0. 0. 0. 0. 0. 0. 0. 0. 0. 0. 0. 0. 0. 0. 0. 0. 0. 0.],"[ 0.53145945  0.51679477  0.69093387  0.04991107  0.25791281  0.24354504
  0.52846361  0.34759503  0.66186969  1.10589385  0.57086125  0.29447822
  0.04865531  0.68319763  0.8434903   0.76860173  0.13670376 -0.17825768
  0.3162523   0.25681681  0.63206459  0.18555224  0.32515219  0.50859396]",5
[0. 0. 0. 0. 0. 0. 0. 0. 0. 0. 0. 0. 0. 0. 0. 0. 0. 0. 0. 0. 0. 0. 0. 0.],"[ 0.52937542  0.51471074  0.68884984  0.04782704  0.25582878  0.24146101
  0.52637958  0.34967906  0.66395372  1.10380982  0.57294528  0.29656224
  0.05073934  0.68111361  0.84140627  0.77068576  0.13461973 -0.17617365
  0.31833633  0.25473278  0.63414862  0.18763627  0.32723621  0.50650993]",6
[0. 0. 0. 0. 0. 0. 0. 0. 0. 0. 0. 0. 0. 0. 0. 0. 0. 0. 0. 0. 0. 0. 0. 0.],"[ 0.56500905  0.55034437  0.65321621  0.01219341  0.22019515  0.20582739
  0.49074595  0.31404543  0.62832009  1.13944344  0.53731165  0.26092862
  0.01510571  0.64547998  0.8770399   0.73505213  0.17025335 -0.21180727
  0.2827027   0.21909915  0.59851499  0.15200264  0.29160259  0.4708763 ]",7
[0. 0. 0. 0. 0. 0. 0. 0. 0. 0. 0. 0. 0. 0. 0. 0. 0. 0. 0. 0. 0. 0. 0. 0.],"[ 0.51403467  0.49936999  0.60224183 -0.03878097  0.27116953  0.25680177
  0.54172033  0.36501982  0.67929447  1.08846906  0.48633727  0.311903
 -0.03586867  0.69645436  0.92801428  0.78602651  0.22122773 -0.26278165
  0.23172832  0.27007353  0.54754061  0.10102826  0.24062821  0.52185068]",8
[0. 0. 0. 0. 0. 0. 0. 0. 0. 0. 0. 0. 0. 0. 0. 0. 0. 0. 0. 0. 0. 0. 0. 0.],"[ 0.49066723  0.52273743  0.62560928 -0.06214841  0.29453698  0.28016921
  0.56508777  0.38838726  0.70266191  1.1118365   0.46296983  0.33527044
 -0.01250123  0.7198218   0.95138172  0.76265907  0.24459518 -0.2861491
  0.25509577  0.24670609  0.52417317  0.07766082  0.26399565  0.49848324]",9
[0. 0. 0. 0. 0. 0. 0. 0. 0. 0. 0. 0. 0. 0. 0. 0. 0. 0. 0. 0. 0. 0. 0. 0.],"[ 0.46061575  0.49268596  0.65566075 -0.03209694  0.2644855   0.31022068
  0.5350363   0.41843873  0.73271339  1.08178503  0.43291836  0.30521897
  0.01755025  0.68977033  0.9814332   0.73260759  0.2145437  -0.31620057
  0.22504429  0.21665462  0.4941217   0.04760934  0.29404712  0.52853471]",10
[0. 0. 0. 0. 0. 0. 0. 0. 0. 0. 0. 0. 0. 0. 0. 0. 0. 0. 0. 0. 0. 0. 0. 0.],"[ 0.5172166   0.43608511  0.7122616   0.02450392  0.20788465  0.25361983
  0.59163715  0.36183788  0.67611254  1.13838588  0.37631751  0.36181982
  0.0741511   0.74637118  0.92483235  0.67600674  0.15794285 -0.37280142
  0.28164514  0.27325547  0.43752085  0.10421019  0.23744627  0.47193386]",11
[0. 0. 0. 0. 0. 0. 0. 0. 0. 0. 0. 0. 0. 0. 0. 0. 0. 0. 0. 0. 0. 0. 0. 0.],"[ 0.44325516  0.36212366  0.63830016 -0.04945753  0.2818461   0.17965839
  0.5176757   0.28787644  0.75007398  1.06442444  0.30235606  0.28785837
  0.14811254  0.82033262  0.99879379  0.6020453   0.08398141 -0.44676287
  0.2076837   0.19929402  0.3635594   0.03024875  0.31140772  0.39797242]",12
[0. 0. 0. 0. 0. 0. 0. 0. 0. 0. 0. 0. 0. 0. 0. 0. 0. 0. 0. 0. 0. 0. 0. 0.],"[ 0.41941405  0.38596477  0.66214127 -0.07329864  0.25800499  0.15581728
  0.49383459  0.26403533  0.77391509  1.08826555  0.27851495  0.26401726
  0.17195365  0.79649151  1.0226349   0.57820419  0.0601403  -0.47060398
  0.23152481  0.22313513  0.38740051  0.00640764  0.28756661  0.42181353]",13
[0. 0. 0. 0. 0. 0. 0. 0. 0. 0. 0. 0. 0. 0. 0. 0. 0. 0. 0. 0. 0. 0. 0. 0.],"[ 0.36087519  0.32742591  0.6036024  -0.01475978  0.31654385  0.09727842
  0.55237346  0.20549646  0.71537623  1.14680441  0.33705381  0.2054784
  0.11341479  0.85503038  1.08117376  0.51966532  0.11867916 -0.52914284
  0.29006367  0.28167399  0.32886165  0.0649465   0.34610547  0.36327466]",14
[0. 0. 0. 0. 0. 0. 0. 0. 0. 0. 0. 0. 0. 0. 0. 0. 0. 0. 0. 0. 0. 0. 0. 0.],"[ 0.31646071  0.37184039  0.55918793  0.0296547   0.27212937  0.14169289
  0.50795898  0.16108199  0.67096175  1.10238993  0.29263933  0.16106392
  0.15782927  0.89944485  1.12558824  0.5640798   0.07426468 -0.57355732
  0.33447815  0.23725952  0.28444717  0.10936098  0.39051995  0.40768914]",15
[0. 0. 0. 0. 0. 0. 0. 0. 0. 0. 0. 0. 0. 0. 0. 0. 0. 0. 0. 0. 0. 0. 0. 0.],"[ 0.28122158  0.33660126  0.59442705 -0.00558443  0.3073685   0.17693202
  0.5431981   0.19632111  0.70620088  1.13762906  0.25740021  0.19630305
  0.1930684   0.93468398  1.16082737  0.52884068  0.10950381 -0.60879644
  0.36971728  0.27249864  0.3196863   0.14460011  0.35528082  0.37245002]",16
[0. 0. 0. 0. 0. 0. 0. 0. 0. 0. 0. 0. 0. 0. 0. 0. 0. 0. 0. 0. 0. 0. 0. 0.],"[ 0.3215894   0.37696907  0.55405924 -0.04595224  0.26700068  0.21729984
  0.50283029  0.1559533   0.66583307  1.09726124  0.29776802  0.15593523
  0.23343621  0.89431617  1.12045955  0.56920849  0.06913599 -0.64916426
  0.32934946  0.31286646  0.27931848  0.10423229  0.31491301  0.3320822 ]",17
[0. 0. 0. 0. 0. 0. 0. 0. 0. 0. 0. 0. 0. 0. 0. 0. 0. 0. 0. 0. 0. 0. 0. 0.],"[ 0.32734235  0.38272202  0.54830629 -0.04019929  0.26124773  0.22305279
  0.50858324  0.15020035  0.66008012  1.09150829  0.30352097  0.16168818
  0.22768326  0.90006912  1.1262125   0.57496144  0.06338304 -0.64341131
  0.32359651  0.30711351  0.27356553  0.09847934  0.32066596  0.32632925]",18
[0. 0. 0. 0. 0. 0. 0. 0. 0. 0. 0. 0. 0. 0. 0. 0. 0. 0. 0. 0. 0. 0. 0. 0.],"[ 0.30313243  0.35851211  0.52409638 -0.06440921  0.28545765  0.2472627
  0.53279315  0.17441026  0.68429003  1.11571821  0.27931106  0.1858981
  0.20347335  0.8758592   1.10200259  0.59917135  0.08759296 -0.6192014
  0.2993866   0.28290359  0.29777545  0.12268926  0.34487587  0.30211934]",19
[0. 0. 0. 0. 0. 0. 0. 0. 0. 0. 0. 0. 0. 0. 0. 0. 0. 0. 0. 0. 0. 0. 0. 0.],"[ 0.31131663  0.35032791  0.51591218 -0.07259341  0.27727345  0.2554469
  0.52460896  0.16622607  0.69247423  1.10753401  0.27112686  0.1777139
  0.21165755  0.867675    1.09381839  0.59098716  0.07940876 -0.6110172
  0.3075708   0.2747194   0.30595965  0.13087345  0.35306007  0.29393514]",20
[0. 0. 0. 0. 0. 0. 0. 0. 0. 0. 0. 0. 0. 0. 0. 0. 0. 0. 0. 0. 0. 0. 0. 0.],"[ 0.32016541  0.35917669  0.5070634  -0.06374463  0.26842467  0.26429567
  0.51576018  0.17507484  0.70132301  1.09868523  0.27997563  0.18656268
  0.22050632  0.85882623  1.08496961  0.58213838  0.07055998 -0.61986597
  0.29872202  0.28356817  0.29711087  0.13972223  0.34421129  0.30278392]",21
[0. 0. 0. 0. 0. 0. 0. 0. 0. 0. 0. 0. 0. 0. 0. 0. 0. 0. 0. 0. 0. 0. 0. 0.],"[ 0.31933695  0.35834823  0.50789186 -0.06291617  0.26925313  0.26512414
  0.51493172  0.1759033   0.70049454  1.09951369  0.2808041   0.18739114
  0.21967786  0.85965469  1.08579808  0.58296684  0.06973152 -0.62069443
  0.29789356  0.28273971  0.29628241  0.14055069  0.34338283  0.30361238]",22
[0. 0. 0. 0. 0. 0. 0. 0. 0. 0. 0. 0. 0. 0. 0. 0. 0. 0. 0. 0. 0. 0. 0. 0.],"[ 0.26922031  0.40846486  0.45777523 -0.01279954  0.31936977  0.2150075
  0.56504835  0.12578667  0.75061118  1.14963033  0.33092073  0.13727451
  0.16956123  0.80953806  1.13591471  0.63308347  0.01961489 -0.67081107
  0.24777693  0.33285634  0.34639904  0.19066732  0.2932662   0.25349574]",23
[0. 0. 0. 0. 0. 0. 0. 0. 0. 0. 0. 0. 0. 0. 0. 0. 0. 0. 0. 0. 0. 0. 0. 0.],"[ 0.25909215  0.3983367   0.44764707 -0.02292769  0.30924161  0.22513566
  0.55492019  0.11565851  0.74048302  1.13950217  0.34104889  0.14740266
  0.17968939  0.7994099   1.14604287  0.64321163  0.00948673 -0.66068291
  0.25790509  0.32272818  0.33627088  0.18053917  0.30339436  0.2636239 ]",24
[0. 0. 0. 0. 0. 0. 0. 0. 0. 0. 0. 0. 0. 0. 0. 0. 0. 0. 0. 0. 0. 0. 0. 0.],"[ 0.29589123  0.43513577  0.410848   -0.05972677  0.34604068  0.26193474
  0.59171926  0.15245759  0.70368394  1.10270309  0.30424981  0.18420174
  0.21648846  0.83620897  1.10924379  0.60641256 -0.02731234 -0.69748198
  0.22110601  0.28592911  0.29947181  0.14374009  0.26659528  0.30042298]",25
[0. 0. 0. 0. 0. 0. 0. 0. 0. 0. 0. 0. 0. 0. 0. 0. 0. 0. 0. 0. 0. 0. 0. 0.],"[ 0.26735853  0.40660308  0.3823153  -0.08825946  0.37457337  0.29046743
  0.62025196  0.12392489  0.73221664  1.0741704   0.33278251  0.21273443
  0.18795577  0.86474166  1.13777649  0.57787986 -0.05584504 -0.66894929
  0.19257332  0.25739642  0.27093911  0.17227278  0.29512798  0.27189028]",26
[0. 0. 0. 0. 0. 0. 0. 0. 0. 0. 0. 0. 0. 0. 0. 0. 0. 0. 0. 0. 0. 0. 0. 0.],"[ 0.2705872   0.40337442  0.38554397 -0.0850308   0.37780204  0.28723877
  0.61702329  0.12069623  0.72898797  1.07739906  0.32955384  0.20950577
  0.19118443  0.86797033  1.13454782  0.5746512  -0.0590737  -0.67217795
  0.19580198  0.26062508  0.27416778  0.17550145  0.29189931  0.27511895]",27
[0. 0. 0. 0. 0. 0. 0. 0. 0. 0. 0. 0. 0. 0. 0. 0. 0. 0. 0. 0. 0. 0. 0. 0.],"[ 0.24696454  0.42699707  0.36192131 -0.06140814  0.35417938  0.26361611
  0.59340064  0.09707357  0.75261063  1.10102172  0.30593118  0.18588311
  0.16756178  0.89159299  1.11092516  0.55102854 -0.08269636 -0.69580061
  0.17217933  0.23700242  0.25054512  0.19912411  0.26827666  0.25149629]",28
[0. 0. 0. 0. 0. 0. 0. 0. 0. 0. 0. 0. 0. 0. 0. 0. 0. 0. 0. 0. 0. 0. 0. 0.],"[ 0.21680999  0.45715162  0.39207586 -0.03125359  0.32402483  0.29377066
  0.62355519  0.06691902  0.78276518  1.13117627  0.27577663  0.21603766
  0.13740723  0.86143844  1.14107972  0.52087399 -0.11285091 -0.72595516
  0.14202477  0.20684787  0.22039057  0.22927866  0.29843121  0.22134174]",29
[0. 0. 0. 0. 0. 0. 0. 0. 0. 0. 0. 0. 0. 0. 0. 0. 0. 0. 0. 0. 0. 0. 0. 0.],"[ 0.20071045  0.44105208  0.37597632 -0.04735313  0.34012437  0.3098702
  0.63965473  0.08301856  0.79886472  1.14727581  0.25967709  0.2321372
  0.15350677  0.84533889  1.12498017  0.50477445 -0.12895045 -0.70985562
  0.12592523  0.22294742  0.20429103  0.21317911  0.31453075  0.23744128]",30
[0. 0. 0. 0. 0. 0. 0. 0. 0. 0. 0. 0. 0. 0. 0. 0. 0. 0. 0. 0. 0. 0. 0. 0.],"[ 0.20753134  0.44787297  0.38279721 -0.04053224  0.34694527  0.3166911
  0.64647562  0.07619767  0.79204383  1.14045492  0.2528562   0.2389581
  0.14668587  0.838518    1.13180107  0.49795355 -0.12212956 -0.71667651
  0.11910434  0.22976831  0.21111192  0.20635822  0.30770986  0.24426218]",31
[0. 0. 0. 0. 0. 0. 0. 0. 0. 0. 0. 0. 0. 0. 0. 0. 0. 0. 0. 0. 0. 0. 0. 0.],"[ 0.24505193  0.48539356  0.34527663 -0.00301165  0.38446585  0.27917051
  0.68399621  0.11371825  0.82956441  1.10293433  0.21533561  0.20143751
  0.18420646  0.87603858  1.09428048  0.46043297 -0.08460897 -0.7541971
  0.15662492  0.19224772  0.24863251  0.24387881  0.27018927  0.20674159]",32
[0. 0. 0. 0. 0. 0. 0. 0. 0. 0. 0. 0. 0. 0. 0. 0. 0. 0. 0. 0. 0. 0. 0. 0.],"[ 0.28245211  0.44799338  0.30787645 -0.04041183  0.34706568  0.31657069
  0.64659603  0.15111843  0.79216424  1.14033451  0.17793543  0.23883769
  0.14680628  0.83863841  1.13168066  0.42303279 -0.0472088  -0.79159727
  0.1940251   0.15484755  0.21123233  0.28127898  0.23278909  0.24414177]",33
[0. 0. 0. 0. 0. 0. 0. 0. 0. 0. 0. 0. 0. 0. 0. 0. 0. 0. 0. 0. 0. 0. 0. 0.],"[ 0.34641464  0.38403085  0.37183899  0.02355071  0.28310314  0.25260815
  0.71055857  0.0871559   0.85612677  1.20429705  0.1139729   0.17487515
  0.08284375  0.77467587  1.19564319  0.48699533  0.01675374 -0.85555981
  0.25798764  0.21881008  0.14726979  0.34524152  0.16882656  0.30810431]",34
[0. 0. 0. 0. 0. 0. 0. 0. 0. 0. 0. 0. 0. 0. 0. 0. 0. 0. 0. 0. 0. 0. 0. 0.],"[ 0.38270158  0.34774391  0.40812592 -0.01273623  0.2468162   0.21632122
  0.7468455   0.05086896  0.81983984  1.24058398  0.15025983  0.21116209
  0.04655681  0.81096281  1.15935626  0.45070839  0.05304068 -0.89184675
  0.2217007   0.25509702  0.18355673  0.30895458  0.13253962  0.34439124]",35
[0. 0. 0. 0. 0. 0. 0. 0. 0. 0. 0. 0. 0. 0. 0. 0. 0. 0. 0. 0. 0. 0. 0. 0.],"[ 0.37759142  0.35285406  0.40301577 -0.01784638  0.25192636  0.21121106
  0.75195566  0.04575881  0.82494999  1.24569414  0.14514968  0.20605194
  0.04144666  0.81607296  1.15424611  0.45581855  0.05815083 -0.88673659
  0.22681086  0.26020717  0.18866688  0.30384443  0.12742947  0.33928109]",36
[0. 0. 0. 0. 0. 0. 0. 0. 0. 0. 0. 0. 0. 0. 0. 0. 0. 0. 0. 0. 0. 0. 0. 0.],"[ 0.41479562  0.39005826  0.44021996 -0.05505058  0.21472216  0.24841526
  0.78915985  0.082963    0.78774579  1.20848994  0.18235388  0.24325613
  0.00424246  0.85327716  1.11704191  0.41861435  0.02094663 -0.92394079
  0.26401505  0.29741137  0.22587108  0.34104863  0.09022527  0.30207689]",37
[0. 0. 0. 0. 0. 0. 0. 0. 0. 0. 0. 0. 0. 0. 0. 0. 0. 0. 0. 0. 0. 0. 0. 0.],"[ 0.39064234  0.36590498  0.41606668 -0.07920386  0.23887545  0.22426197
  0.76500657  0.10711629  0.81189908  1.23264322  0.20650716  0.21910285
 -0.01991082  0.82912387  1.14119519  0.39446106  0.04509992 -0.94809407
  0.28816834  0.27325808  0.25002436  0.36520191  0.06607199  0.27792361]",38
[0. 0. 0. 0. 0. 0. 0. 0. 0. 0. 0. 0. 0. 0. 0. 0. 0. 0. 0. 0. 0. 0. 0. 0.],"[ 0.4528261   0.30372121  0.35388292 -0.14138763  0.17669168  0.28644574
  0.70282281  0.16930005  0.87408284  1.29482699  0.26869092  0.15691908
 -0.08209459  0.76694011  1.07901143  0.3322773  -0.01708385 -1.01027784
  0.3503521   0.33544185  0.1878406   0.42738568  0.00388822  0.34010737]",39
[0. 0. 0. 0. 0. 0. 0. 0. 0. 0. 0. 0. 0. 0. 0. 0. 0. 0. 0. 0. 0. 0. 0. 0.],"[ 0.4337365   0.32281081  0.33479332 -0.16047723  0.15760209  0.30553534
  0.68373321  0.15021045  0.89317244  1.31391659  0.24960133  0.17600868
 -0.10118418  0.7860297   1.09810103  0.3131877  -0.03617344 -1.02936743
  0.3312625   0.35453145  0.2069302   0.44647527  0.02297782  0.32101778]",40
[0. 0. 0. 0. 0. 0. 0. 0. 0. 0. 0. 0. 0. 0. 0. 0. 0. 0. 0. 0. 0. 0. 0. 0.],"[ 0.43038353  0.31945783  0.33814629 -0.1638302   0.15424911  0.30888831
  0.68038023  0.14685748  0.88981947  1.31726956  0.24624835  0.17936165
 -0.09783121  0.78267673  1.09474805  0.30983473 -0.03282047 -1.03272041
  0.33461548  0.35788442  0.20357722  0.4431223   0.01962484  0.3176648 ]",41
[0. 0. 0. 0. 0. 0. 0. 0. 0. 0. 0. 0. 0. 0. 0. 0. 0. 0. 0. 0. 0. 0. 0. 0.],"[ 0.47415174  0.27568962  0.29437808 -0.20759841  0.19801732  0.2651201
  0.72414844  0.10308927  0.84605126  1.36103777  0.20248014  0.22312986
 -0.14159942  0.82644494  1.13851626  0.35360294  0.01094774 -1.07648862
  0.29084727  0.40165263  0.24734543  0.39935409 -0.02414337  0.36143301]",42
[0. 0. 0. 0. 0. 0. 0. 0. 0. 0. 0. 0. 0. 0. 0. 0. 0. 0. 0. 0. 0. 0. 0. 0.],"[ 0.429047    0.23058489  0.24927335 -0.16249367  0.15291258  0.22001536
  0.76925318  0.05798453  0.89115599  1.40614251  0.15737541  0.2682346
 -0.09649468  0.87154967  1.183621    0.3084982   0.05605248 -1.12159336
  0.33595201  0.35654789  0.20224069  0.35424935  0.02096137  0.31632827]",43
[0. 0. 0. 0. 0. 0. 0. 0. 0. 0. 0. 0. 0. 0. 0. 0. 0. 0. 0. 0. 0. 0. 0. 0.],"[ 0.36924549  0.17078338  0.18947184 -0.10269216  0.21271409  0.16021386
  0.82905469 -0.00181697  0.83135449  1.346341    0.0975739   0.20843309
 -0.15629619  0.81174817  1.2434225   0.24869669 -0.00374903 -1.18139486
  0.2761505   0.29674638  0.2620422   0.41405086 -0.03884013  0.25652676]",44
[0. 0. 0. 0. 0. 0. 0. 0. 0. 0. 0. 0. 0. 0. 0. 0. 0. 0. 0. 0. 0. 0. 0. 0.],"[ 0.39873292  0.14129595  0.15998442 -0.13217959  0.18322666  0.18970128
  0.85854211  0.02767045  0.80186706  1.31685358  0.06808647  0.23792052
 -0.18578361  0.78226074  1.21393508  0.21920927 -0.03323645 -1.15190744
  0.24666308  0.26725896  0.29152962  0.44353828 -0.06832756  0.28601419]",45
[0. 0. 0. 0. 0. 0. 0. 0. 0. 0. 0. 0. 0. 0. 0. 0. 0. 0. 0. 0. 0. 0. 0. 0.],"[ 0.44022761  0.09980126  0.11848972 -0.17367428  0.14173197  0.14820659
  0.9000368  -0.01382424  0.76037237  1.27535888  0.10958117  0.19642583
 -0.2272783   0.82375544  1.25542977  0.26070396 -0.07473114 -1.11041275
  0.20516838  0.22576427  0.33302432  0.48503297 -0.10982225  0.2445195 ]",46
[0. 0. 0. 0. 0. 0. 0. 0. 0. 0. 0. 0. 0. 0. 0. 0. 0. 0. 0. 0. 0. 0. 0. 0.],"[ 0.50265467  0.16222832  0.18091678 -0.23610134  0.07930492  0.21063365
  0.83760975  0.04860281  0.69794531  1.21293183  0.04715411  0.13399877
 -0.28970536  0.88618249  1.31785683  0.32313102 -0.1371582  -1.1728398
  0.14274133  0.16333721  0.39545137  0.42260592 -0.17224931  0.18209244]",47
[0. 0. 0. 0. 0. 0. 0. 0. 0. 0. 0. 0. 0. 0. 0. 0. 0. 0. 0. 0. 0. 0. 0. 0.],"[ 0.42375175  0.0833254   0.25981969 -0.31500425  0.15820783  0.28953656
  0.91651266 -0.0303001   0.6190424   1.13402891  0.12605703  0.05509586
 -0.21080245  0.80727958  1.39675974  0.2442281  -0.05825529 -1.25174272
  0.22164424  0.0844343   0.47435429  0.343703   -0.09334639  0.10318953]",48
[0. 0. 0. 0. 0. 0. 0. 0. 0. 0. 0. 0. 0. 0. 0. 0. 0. 0. 0. 0. 0. 0. 0. 0.],"[ 0.36500991  0.02458356  0.20107785 -0.25626241  0.09946599  0.3482784
  0.97525451  0.02844174  0.67778424  1.07528707  0.06731518 -0.00364599
 -0.1520606   0.86602142  1.3380179   0.30296994 -0.11699713 -1.31048456
  0.28038609  0.14317614  0.41561244  0.40244485 -0.03460455  0.16193137]",49
[0. 0. 0. 0. 0. 0. 0. 0. 0. 0. 0. 0. 0. 0. 0. 0. 0. 0. 0. 0. 0. 0. 0. 0.],"[ 3.60189734e-01  1.97633868e-02  1.96257677e-01 -2.51442236e-01
  9.46458136e-02  3.43458229e-01  9.80074679e-01  2.36215679e-02
  6.72964068e-01  1.07046690e+00  7.21353575e-02  1.17418787e-03
 -1.47240429e-01  8.70841593e-01  1.33319773e+00  2.98149769e-01
 -1.12176954e-01 -1.31530473e+00  2.85206260e-01  1.47996313e-01
  4.10792271e-01  3.97624672e-01 -2.97843761e-02  1.57111194e-01]",50
[0. 0. 0. 0. 0. 0. 0. 0. 0. 0. 0. 0. 0. 0. 0. 0. 0. 0. 0. 0. 0. 0. 0. 0.],"[ 0.31368233 -0.02674402  0.24276508 -0.29794964  0.04813841  0.38996563
  1.02658208 -0.02288584  0.71947147  1.1169743   0.02562795 -0.04533322
 -0.10073302  0.917349    1.37970513  0.25164236 -0.15868436 -1.36181214
  0.23869886  0.10148891  0.45729968  0.44413208  0.01672303  0.11060379]",51
[0. 0. 0. 0. 0. 0. 0. 0. 0. 0. 0. 0. 0. 0. 0. 0. 0. 0. 0. 0. 0. 0. 0. 0.],"[ 3.40538824e-01  1.12476153e-04  2.15908588e-01 -3.24806134e-01
  7.49949029e-02  4.16822127e-01  1.05343858e+00 -4.97423301e-02
  7.46327966e-01  1.09011781e+00 -1.22854045e-03 -1.84767228e-02
 -7.38765308e-02  8.90492504e-01  1.40656162e+00  2.24785871e-01
 -1.31827865e-01 -1.38866863e+00  2.11842362e-01  7.46324147e-02
  4.30443181e-01  4.17275582e-01 -1.01334654e-02  8.37472956e-02]",52
[0. 0. 0. 0. 0. 0. 0. 0. 0. 0. 0. 0. 0. 0. 0. 0. 0. 0. 0. 0. 0. 0. 0. 0.],"[ 0.35135677  0.01093042  0.20509064 -0.31398819  0.08581285  0.40600418
  1.04262063 -0.06056028  0.75714591  1.07929986  0.00958941 -0.00765878
 -0.08469448  0.90131045  1.39574368  0.21396792 -0.14264581 -1.39948658
  0.22266031  0.08545036  0.41962523  0.42809353 -0.02095141  0.07292935]",53
[0. 0. 0. 0. 0. 0. 0. 0. 0. 0. 0. 0. 0. 0. 0. 0. 0. 0. 0. 0. 0. 0. 0. 0.],"[ 0.3417207   0.02056649  0.19545457 -0.30435212  0.07617678  0.41564025
  1.0522567  -0.07019635  0.74750984  1.08893593  0.01922548 -0.01729484
 -0.09433055  0.89167438  1.38610761  0.20433185 -0.13300974 -1.40912265
  0.21302424  0.09508643  0.4292613   0.41845746 -0.01131534  0.06329328]",54
[0. 0. 0. 0. 0. 0. 0. 0. 0. 0. 0. 0. 0. 0. 0. 0. 0. 0. 0. 0. 0. 0. 0. 0.],"[ 0.31809433  0.04419287  0.21908095 -0.32797849  0.09980316  0.43926662
  1.07588308 -0.09382272  0.72388347  1.11256231  0.04285185 -0.04092122
 -0.11795692  0.91530076  1.40973398  0.18070548 -0.15663612 -1.38549627
  0.23665062  0.11871281  0.40563493  0.44208384  0.01231103  0.0396669 ]",55
[0. 0. 0. 0. 0. 0. 0. 0. 0. 0. 0. 0. 0. 0. 0. 0. 0. 0. 0. 0. 0. 0. 0. 0.],"[ 0.32400618  0.03828101  0.21316909 -0.33389035  0.0938913   0.43335477
  1.06997122 -0.08791087  0.72979532  1.10665045  0.03694    -0.04683308
 -0.12386878  0.9093889   1.41564584  0.18661733 -0.15072426 -1.39140813
  0.24256247  0.11280095  0.41154678  0.43617198  0.01822289  0.03375505]",56
[0. 0. 0. 0. 0. 0. 0. 0. 0. 0. 0. 0. 0. 0. 0. 0. 0. 0. 0. 0. 0. 0. 0. 0.],"[ 2.87173831e-01  1.44866285e-03  2.50001442e-01 -3.70722699e-01
  5.70589507e-02  3.96522418e-01  1.10680357e+00 -1.24743218e-01
  7.66627674e-01  1.14348280e+00  1.07646246e-04 -1.00007262e-02
 -8.70364292e-02  8.72556551e-01  1.37881349e+00  2.23449684e-01
 -1.87556613e-01 -1.42824048e+00  2.05730121e-01  7.59686014e-02
  3.74714433e-01  3.99339630e-01  5.50552390e-02 -3.07730383e-03]",57
[0. 0. 0. 0. 0. 0. 0. 0. 0. 0. 0. 0. 0. 0. 0. 0. 0. 0. 0. 0. 0. 0. 0. 0.],"[ 0.26066896 -0.02505621  0.22349657 -0.39722757  0.08356382  0.42302729
  1.0802987  -0.09823835  0.7401228   1.16998767  0.02661252  0.01650415
 -0.1135413   0.84605168  1.35230862  0.24995456 -0.21406148 -1.40173561
  0.23223499  0.10247347  0.4012193   0.4258445   0.08156011  0.02342757]",58
[0. 0. 0. 0. 0. 0. 0. 0. 0. 0. 0. 0. 0. 0. 0. 0. 0. 0. 0. 0. 0. 0. 0. 0.],"[ 0.29951317  0.013788    0.18465236 -0.43607178  0.12240803  0.38418308
  1.11914291 -0.13708256  0.77896701  1.20883188  0.06545673  0.05534835
 -0.07469709  0.88489589  1.39115283  0.21111035 -0.25290569 -1.44057982
  0.19339078  0.06362926  0.3623751   0.46468871  0.12040432 -0.01541664]",59
[0. 0. 0. 0. 0. 0. 0. 0. 0. 0. 0. 0. 0. 0. 0. 0. 0. 0. 0. 0. 0. 0. 0. 0.],"[ 0.30941114  0.02368598  0.19455034 -0.44596975  0.13230601  0.39408106
  1.10924493 -0.12718458  0.78886499  1.1989339   0.05555875  0.04545038
 -0.06479912  0.87499791  1.4010508   0.22100832 -0.24300772 -1.45047779
  0.18349281  0.05373129  0.37227307  0.47458669  0.11050634 -0.02531462]",60
[0. 0. 0. 0. 0. 0. 0. 0. 0. 0. 0. 0. 0. 0. 0. 0. 0. 0. 0. 0. 0. 0. 0. 0.],"[ 0.32656501  0.00653211  0.17739647 -0.46312362  0.11515214  0.37692719
  1.1263988  -0.11003071  0.77171112  1.21608777  0.07271262  0.02829651
 -0.04764525  0.85784405  1.38389694  0.23816219 -0.22585385 -1.46763166
  0.20064667  0.03657742  0.3551192   0.49174055  0.09335248 -0.00816075]",61
[0. 0. 0. 0. 0. 0. 0. 0. 0. 0. 0. 0. 0. 0. 0. 0. 0. 0. 0. 0. 0. 0. 0. 0.],"[ 0.28605111  0.04704601  0.13688257 -0.50363753  0.07463823  0.33641328
  1.08588489 -0.06951681  0.81222503  1.25660168  0.03219871  0.06881042
 -0.00713134  0.81733014  1.34338303  0.27867609 -0.18533995 -1.50814556
  0.16013277 -0.00393648  0.39563311  0.45122665  0.05283857  0.03235315]",62
[0. 0. 0. 0. 0. 0. 0. 0. 0. 0. 0. 0. 0. 0. 0. 0. 0. 0. 0. 0. 0. 0. 0. 0.],"[ 0.27894692  0.0541502   0.12977838 -0.49653334  0.06753405  0.34351747
  1.09298908 -0.07662099  0.81932921  1.24949749  0.0393029   0.0759146
 -0.01423553  0.82443433  1.33627884  0.28578028 -0.17823576 -1.50104138
  0.16723696 -0.01104067  0.4027373   0.44412246  0.05994276  0.03945734]",63
[0. 0. 0. 0. 0. 0. 0. 0. 0. 0. 0. 0. 0. 0. 0. 0. 0. 0. 0. 0. 0. 0. 0. 0.],"[ 0.27860547  0.05380875  0.13011983 -0.49619189  0.0678755   0.34317602
  1.09333053 -0.07696245  0.81898776  1.24915604  0.03964435  0.07557315
 -0.01389408  0.82477578  1.33593739  0.28543883 -0.17789431 -1.50138283
  0.16757841 -0.01138212  0.40239584  0.44378101  0.05960131  0.03911589]",64
[0. 0. 0. 0. 0. 0. 0. 0. 0. 0. 0. 0. 0. 0. 0. 0. 0. 0. 0. 0. 0. 0. 0. 0.],"[ 0.26086207  0.03606535  0.11237643 -0.51393529  0.0501321   0.32543262
  1.11107393 -0.05921905  0.80124436  1.26689944  0.05738775  0.05782976
  0.00384932  0.84251918  1.318194    0.26769543 -0.19563771 -1.51912622
  0.14983501 -0.02912552  0.38465245  0.46152441  0.04185791  0.05685929]",65
[0. 0. 0. 0. 0. 0. 0. 0. 0. 0. 0. 0. 0. 0. 0. 0. 0. 0. 0. 0. 0. 0. 0. 0.],"[ 0.26864022  0.0282872   0.12015459 -0.52171344  0.05791025  0.31765447
  1.11885208 -0.0669972   0.80902252  1.27467759  0.0651659   0.06560791
  0.01162747  0.83474102  1.31041584  0.25991728 -0.20341586 -1.51134807
  0.15761316 -0.03690367  0.3924306   0.45374626  0.04963606  0.06463744]",66
[0. 0. 0. 0. 0. 0. 0. 0. 0. 0. 0. 0. 0. 0. 0. 0. 0. 0. 0. 0. 0. 0. 0. 0.],"[ 0.28988766  0.04953464  0.09890715 -0.500466    0.03666282  0.29640704
  1.14009952 -0.04574976  0.78777508  1.25343015  0.08641333  0.04436047
  0.0328749   0.85598846  1.33166328  0.28116472 -0.22466329 -1.53259551
  0.1788606  -0.01565623  0.41367804  0.43249882  0.0708835   0.08588488]",67
[0. 0. 0. 0. 0. 0. 0. 0. 0. 0. 0. 0. 0. 0. 0. 0. 0. 0. 0. 0. 0. 0. 0. 0.],"[ 0.27998059  0.05944171  0.08900008 -0.51037307  0.04656989  0.3063141
  1.13019245 -0.03584269  0.79768215  1.24352308  0.0963204   0.05426754
  0.04278197  0.84608139  1.32175621  0.29107179 -0.21475623 -1.54250258
  0.16895353 -0.0255633   0.4235851   0.42259175  0.08079057  0.07597781]",68
[0. 0. 0. 0. 0. 0. 0. 0. 0. 0. 0. 0. 0. 0. 0. 0. 0. 0. 0. 0. 0. 0. 0. 0.],"[ 0.2804251   0.05899719  0.08855557 -0.51081758  0.0470144   0.30586959
  1.13063696 -0.03539818  0.79812666  1.2439676   0.09676492  0.05471205
  0.04233746  0.84563688  1.32220073  0.29062727 -0.21520074 -1.54205806
  0.16850901 -0.02511879  0.42314059  0.42214724  0.08123508  0.07553329]",69
[0. 0. 0. 0. 0. 0. 0. 0. 0. 0. 0. 0. 0. 0. 0. 0. 0. 0. 0. 0. 0. 0. 0. 0.],"[ 0.29674131  0.04268098  0.10487178 -0.52713379  0.03069819  0.3221858
  1.14695317 -0.01908197  0.78181045  1.22765139  0.08044871  0.03839584
  0.05865367  0.82932067  1.30588452  0.27431106 -0.23151695 -1.55837427
  0.18482522 -0.041435    0.4394568   0.40583103  0.06491887  0.05921708]",70
[0. 0. 0. 0. 0. 0. 0. 0. 0. 0. 0. 0. 0. 0. 0. 0. 0. 0. 0. 0. 0. 0. 0. 0.],"[ 0.29475485  0.04466745  0.10288531 -0.52514733  0.02871173  0.32019934
  1.14496671 -0.01709551  0.78379692  1.22963785  0.08243517  0.04038231
  0.0566672   0.8273342   1.30787098  0.27629753 -0.23350341 -1.56036074
  0.18681169 -0.03944853  0.43747034  0.40384456  0.06293241  0.06120355]",71
[0. 0. 0. 0. 0. 0. 0. 0. 0. 0. 0. 0. 0. 0. 0. 0. 0. 0. 0. 0. 0. 0. 0. 0.],"[ 0.29134533  0.04807697  0.09947579 -0.52173781  0.02530221  0.32360885
  1.14837622 -0.02050503  0.78720644  1.23304737  0.07902565  0.04379183
  0.05325769  0.82392469  1.30446146  0.27970705 -0.23691293 -1.56377026
  0.18340217 -0.03603901  0.43406082  0.40043504  0.05952289  0.06461307]",72
[0. 0. 0. 0. 0. 0. 0. 0. 0. 0. 0. 0. 0. 0. 0. 0. 0. 0. 0. 0. 0. 0. 0. 0.],"[ 0.29696914  0.04245316  0.1050996  -0.52736161  0.0196784   0.32923266
  1.14275242 -0.02612883  0.78158263  1.22742357  0.08464946  0.04941563
  0.04763388  0.81830088  1.31008527  0.28533085 -0.24253674 -1.56939406
  0.17777836 -0.04166282  0.43968462  0.39481124  0.06514669  0.07023687]",73
[0. 0. 0. 0. 0. 0. 0. 0. 0. 0. 0. 0. 0. 0. 0. 0. 0. 0. 0. 0. 0. 0. 0. 0.],"[ 0.30834557  0.0538296   0.11647603 -0.53873805  0.00830197  0.31785622
  1.15412885 -0.0147524   0.7702062   1.2388      0.07327302  0.06079207
  0.05901032  0.82967732  1.29870883  0.29670729 -0.2311603  -1.5807705
  0.16640193 -0.05303925  0.42830819  0.40618767  0.07652313  0.05886044]",74
[0. 0. 0. 0. 0. 0. 0. 0. 0. 0. 0. 0. 0. 0. 0. 0. 0. 0. 0. 0. 0. 0. 0. 0.],"[ 0.30656178  0.0520458   0.11469224 -0.54052184  0.01008576  0.31607243
  1.15591265 -0.0129686   0.7684224   1.23701621  0.07505682  0.05900827
  0.06079411  0.83146111  1.30049263  0.29492349 -0.2329441  -1.5789867
  0.16818572 -0.05482305  0.42652439  0.40440388  0.07830692  0.05707664]",75
[0. 0. 0. 0. 0. 0. 0. 0. 0. 0. 0. 0. 0. 0. 0. 0. 0. 0. 0. 0. 0. 0. 0. 0.],"[ 0.28838332  0.07022426  0.1328707  -0.5587003   0.02826422  0.29789397
  1.13773419  0.00520986  0.75024394  1.25519467  0.09323527  0.04082981
  0.07897257  0.81328265  1.31867108  0.27674503 -0.25112255 -1.56080824
  0.15000726 -0.07300151  0.44470285  0.42258234  0.09648538  0.0752551 ]",76
[0. 0. 0. 0. 0. 0. 0. 0. 0. 0. 0. 0. 0. 0. 0. 0. 0. 0. 0. 0. 0. 0. 0. 0.],"[ 0.28883721  0.07067816  0.1324168  -0.5591542   0.02781032  0.29834787
  1.13728029  0.00475596  0.75069784  1.25564856  0.09368917  0.04037592
  0.07851867  0.81282875  1.31912498  0.27629114 -0.25066866 -1.56035435
  0.14955337 -0.0734554   0.44424896  0.42303624  0.09603149  0.07480121]",77
[0. 0. 0. 0. 0. 0. 0. 0. 0. 0. 0. 0. 0. 0. 0. 0. 0. 0. 0. 0. 0. 0. 0. 0.],"[ 0.29576612  0.06374925  0.12548789 -0.55222529  0.03473923  0.30527678
  1.1442092   0.01168487  0.74376893  1.24871965  0.10061808  0.03344701
  0.07158976  0.80589984  1.32605389  0.28322005 -0.24373975 -1.55342544
  0.14262446 -0.06652649  0.43732005  0.41610733  0.08910257  0.0678723 ]",78
[0. 0. 0. 0. 0. 0. 0. 0. 0. 0. 0. 0. 0. 0. 0. 0. 0. 0. 0. 0. 0. 0. 0. 0.],"[ 0.2993416   0.06732472  0.12906336 -0.54864982  0.03116376  0.30885225
  1.14063373  0.0081094   0.74019346  1.25229512  0.09704261  0.02987154
  0.07516523  0.80232437  1.32247842  0.28679552 -0.24731522 -1.55700091
  0.14619993 -0.07010196  0.44089552  0.41253185  0.09267805  0.07144777]",79
[0. 0. 0. 0. 0. 0. 0. 0. 0. 0. 0. 0. 0. 0. 0. 0. 0. 0. 0. 0. 0. 0. 0. 0.],"[ 0.29966642  0.0669999   0.12938818 -0.548325    0.03148858  0.30852743
  1.14095855  0.00778458  0.73986864  1.25261994  0.09671779  0.02954672
  0.07549005  0.80264919  1.32280324  0.28712034 -0.24764004 -1.55732573
  0.14587511 -0.06977714  0.4405707   0.41220704  0.09235323  0.07112295]",80
[0. 0. 0. 0. 0. 0. 0. 0. 0. 0. 0. 0. 0. 0. 0. 0. 0. 0. 0. 0. 0. 0. 0. 0.],"[ 0.30086877  0.06579755  0.13059053 -0.54712265  0.03269093  0.30732508
  1.1421609   0.00658223  0.73866629  1.25382229  0.09792014  0.02834437
  0.0766924   0.80144684  1.32160089  0.28832269 -0.24643769 -1.55612338
  0.14707746 -0.07097949  0.43936835  0.41100469  0.09355558  0.0699206 ]",81
[0. 0. 0. 0. 0. 0. 0. 0. 0. 0. 0. 0. 0. 0. 0. 0. 0. 0. 0. 0. 0. 0. 0. 0.],"[ 0.32483574  0.08976452  0.1545575  -0.57108962  0.0566579   0.33129205
  1.16612787 -0.01738474  0.71469932  1.22985532  0.12188711  0.05231134
  0.05272543  0.82541381  1.29763392  0.31228966 -0.22247072 -1.58009035
  0.12311049 -0.04701252  0.41540138  0.43497166  0.06958861  0.09388757]",82
[0. 0. 0. 0. 0. 0. 0. 0. 0. 0. 0. 0. 0. 0. 0. 0. 0. 0. 0. 0. 0. 0. 0. 0.],"[ 0.32685765  0.09178643  0.15657942 -0.56906771  0.05463599  0.33331396
  1.16410596 -0.01536283  0.7126774   1.23187724  0.12390903  0.05028942
  0.05474735  0.82743572  1.295612    0.31026775 -0.2204488  -1.57806844
  0.1251324  -0.04903444  0.41337946  0.43294974  0.06756669  0.09590948]",83
[0. 0. 0. 0. 0. 0. 0. 0. 0. 0. 0. 0. 0. 0. 0. 0. 0. 0. 0. 0. 0. 0. 0. 0.],"[ 0.30675338  0.1118907   0.13647515 -0.58917197  0.07474026  0.35341823
  1.18421023  0.00474144  0.73278167  1.2519815   0.14401329  0.07039369
  0.07485161  0.80733146  1.31571627  0.29016348 -0.24055307 -1.5981727
  0.14523667 -0.02893017  0.43348373  0.45305401  0.04746242  0.11601375]",84
[0. 0. 0. 0. 0. 0. 0. 0. 0. 0. 0. 0. 0. 0. 0. 0. 0. 0. 0. 0. 0. 0. 0. 0.],"[ 0.30614734  0.11128466  0.13708119 -0.58977801  0.07413422  0.35402427
  1.18360419  0.0041354   0.73338771  1.25137546  0.14461933  0.07099973
  0.07545765  0.8079375   1.31632231  0.29076952 -0.24115911 -1.59877874
  0.14584271 -0.02832413  0.43408977  0.45244797  0.04685638  0.11540771]",85
[0. 0. 0. 0. 0. 0. 0. 0. 0. 0. 0. 0. 0. 0. 0. 0. 0. 0. 0. 0. 0. 0. 0. 0.],"[ 0.31910905  0.09832296  0.15004289 -0.60273972  0.06117251  0.34106257
  1.1965659  -0.00882631  0.74634942  1.23841376  0.15758104  0.08396144
  0.08841936  0.8208992   1.32928402  0.30373123 -0.22819741 -1.58581704
  0.15880442 -0.04128583  0.44705148  0.43948626  0.03389468  0.12836942]",86
[0. 0. 0. 0. 0. 0. 0. 0. 0. 0. 0. 0. 0. 0. 0. 0. 0. 0. 0. 0. 0. 0. 0. 0.],"[ 0.32036415  0.09706785  0.14878779 -0.60399483  0.05991741  0.33980746
  1.197821   -0.0075712   0.74760452  1.23715865  0.15883615  0.08270634
  0.08716426  0.8196441   1.32802892  0.30247612 -0.2269423  -1.58707214
  0.15754931 -0.04003073  0.44579638  0.44074137  0.03514978  0.12711431]",87
[0. 0. 0. 0. 0. 0. 0. 0. 0. 0. 0. 0. 0. 0. 0. 0. 0. 0. 0. 0. 0. 0. 0. 0.],"[ 0.33845484  0.07897716  0.16687848 -0.62208551  0.0780081   0.35789815
  1.21591169 -0.02566189  0.72951384  1.25524934  0.17692683  0.06461565
  0.06907357  0.80155341  1.3461196   0.32056681 -0.24503299 -1.56898145
  0.17564    -0.02194004  0.42770569  0.42265068  0.01705909  0.145205  ]",88
[0. 0. 0. 0. 0. 0. 0. 0. 0. 0. 0. 0. 0. 0. 0. 0. 0. 0. 0. 0. 0. 0. 0. 0.],"[ 0.34867613  0.08919846  0.17709977 -0.63230681  0.08822939  0.36811944
  1.20569039 -0.0154406   0.73973513  1.24502805  0.18714813  0.05439436
  0.05885228  0.81177471  1.33589831  0.3307881  -0.25525428 -1.57920275
  0.16541871 -0.01171875  0.43792698  0.41242939  0.0068378   0.15542629]",89
[0. 0. 0. 0. 0. 0. 0. 0. 0. 0. 0. 0. 0. 0. 0. 0. 0. 0. 0. 0. 0. 0. 0. 0.],"[ 0.37357878  0.11410111  0.15219712 -0.65720946  0.06332674  0.39302209
  1.18078774  0.00946205  0.71483248  1.26993069  0.21205078  0.07929701
  0.03394963  0.83667735  1.31099566  0.35569075 -0.28015693 -1.5543001
  0.19032136 -0.0366214   0.41302433  0.43733204 -0.01806485  0.13052365]",90
[0. 0. 0. 0. 0. 0. 0. 0. 0. 0. 0. 0. 0. 0. 0. 0. 0. 0. 0. 0. 0. 0. 0. 0.],"[ 0.37446802  0.11321187  0.15308636 -0.65632022  0.06421598  0.39213285
  1.1798985   0.01035129  0.71394324  1.26904145  0.21294001  0.08018625
  0.03306039  0.83756659  1.31010642  0.35480151 -0.28104617 -1.55518934
  0.18943212 -0.03751064  0.41391357  0.4364428  -0.01895409  0.12963441]",91
[0. 0. 0. 0. 0. 0. 0. 0. 0. 0. 0. 0. 0. 0. 0. 0. 0. 0. 0. 0. 0. 0. 0. 0.],"[ 0.38755331  0.12629716  0.14000107 -0.66940551  0.07730127  0.40521814
  1.1929838  -0.002734    0.70085795  1.25595616  0.19985472  0.09327154
  0.04614568  0.8244813   1.32319172  0.34171622 -0.29413146 -1.56827463
  0.17634682 -0.05059593  0.42699887  0.4233575  -0.03203938  0.11654911]",92
[0. 0. 0. 0. 0. 0. 0. 0. 0. 0. 0. 0. 0. 0. 0. 0. 0. 0. 0. 0. 0. 0. 0. 0.],"[ 0.41211599  0.15085984  0.16456375 -0.64484283  0.05273859  0.42978082
  1.21754648  0.02182868  0.72542063  1.23139348  0.17529204  0.06870886
  0.07070836  0.84904398  1.34775439  0.31715354 -0.31869414 -1.59283731
  0.15178414 -0.07515861  0.40243619  0.39879482 -0.05660206  0.09198643]",93
[0. 0. 0. 0. 0. 0. 0. 0. 0. 0. 0. 0. 0. 0. 0. 0. 0. 0. 0. 0. 0. 0. 0. 0.],"[ 0.4142243   0.15296814  0.16245544 -0.64695113  0.05063029  0.43188913
  1.21965478  0.02393698  0.72752893  1.23350179  0.17318374  0.06660055
  0.06860006  0.84693568  1.34564609  0.31926184 -0.32080245 -1.590729
  0.15389245 -0.0730503   0.40454449  0.40090313 -0.05871037  0.09409474]",94
[0. 0. 0. 0. 0. 0. 0. 0. 0. 0. 0. 0. 0. 0. 0. 0. 0. 0. 0. 0. 0. 0. 0. 0.],"[ 4.38810493e-01  1.77554339e-01  1.87041639e-01 -6.71537329e-01
  2.60440948e-02  4.07302934e-01  1.24424098e+00 -6.49210993e-04
  7.02942740e-01  1.20891559e+00  1.48597543e-01  9.11867480e-02
  9.31862499e-02  8.71521870e-01  1.37023228e+00  2.94675650e-01
 -2.96216254e-01 -1.56614281e+00  1.78478645e-01 -4.84641097e-02
  4.29130689e-01  3.76316935e-01 -3.41241718e-02  6.95085457e-02]",95
[0. 0. 0. 0. 0. 0. 0. 0. 0. 0. 0. 0. 0. 0. 0. 0. 0. 0. 0. 0. 0. 0. 0. 0.],"[ 0.43147055  0.1702144   0.1797017  -0.66419739  0.03338404  0.39996299
  1.25158092  0.00669073  0.6956028   1.20157565  0.15593748  0.09852669
  0.10052619  0.87886181  1.36289234  0.28733571 -0.3035562  -1.57348275
  0.18581859 -0.04112417  0.43647063  0.36897699 -0.04146411  0.0621686 ]",96
[0. 0. 0. 0. 0. 0. 0. 0. 0. 0. 0. 0. 0. 0. 0. 0. 0. 0. 0. 0. 0. 0. 0. 0.],"[ 0.42616026  0.17552469  0.1743914  -0.65888709  0.02807374  0.3946527
  1.25689121  0.01200102  0.70091309  1.19626536  0.15062719  0.10383698
  0.10583649  0.87355152  1.35758205  0.28202541 -0.2982459  -1.56817246
  0.19112888 -0.03581387  0.43116034  0.37428729 -0.03615382  0.05685831]",97
[0. 0. 0. 0. 0. 0. 0. 0. 0. 0. 0. 0. 0. 0. 0. 0. 0. 0. 0. 0. 0. 0. 0. 0.],"[ 4.38905632e-01  1.88270067e-01  1.87136778e-01 -6.71632468e-01
  4.08191168e-02  3.81907324e-01  1.26963659e+00 -7.44350130e-04
  6.88167718e-01  1.20901073e+00  1.37881815e-01  1.16582359e-01
  1.18581861e-01  8.60806142e-01  1.34483667e+00  2.94770789e-01
 -2.85500527e-01 -1.55542708e+00  1.78383506e-01 -4.85592488e-02
  4.43905711e-01  3.87032663e-01 -2.34084439e-02  6.96036848e-02]",98
[0. 0. 0. 0. 0. 0. 0. 0. 0. 0. 0. 0. 0. 0. 0. 0. 0. 0. 0. 0. 0. 0. 0. 0.],"[ 0.44093708  0.19030152  0.18510533 -0.66960102  0.03878767  0.37987588
  1.27166804 -0.0027758   0.68613627  1.21104218  0.13585037  0.11455091
  0.12061331  0.85877469  1.34280522  0.29680224 -0.28346908 -1.55745853
  0.18041495 -0.0465278   0.44187426  0.38906411 -0.021377    0.06757224]",99
[0. 0. 0. 0. 0. 0. 0. 0. 0. 0. 0. 0. 0. 0. 0. 0. 0. 0. 0. 0. 0. 0. 0. 0.],"[ 0.45682915  0.17440944  0.2009974  -0.68549309  0.0228956   0.39576795
  1.25577596  0.01311627  0.6702442   1.22693425  0.15174244  0.13044298
  0.13650538  0.84288262  1.32691315  0.28091017 -0.26757701 -1.5733506
  0.19630703 -0.06241987  0.42598219  0.37317204 -0.03726907  0.08346431]",100
[0. 0. 0. 0. 0. 0. 0. 0. 0. 0. 0. 0. 0. 0. 0. 0. 0. 0. 0. 0. 0. 0. 0. 0.],"[ 0.45004372  0.18119487  0.20778283 -0.69227852  0.01611017  0.38898252
  1.26256139  0.00633084  0.66345877  1.23371968  0.14495701  0.13722841
  0.12971995  0.83609719  1.32012772  0.2876956  -0.27436244 -1.56656517
  0.20309245 -0.0692053   0.41919676  0.37995747 -0.03048364  0.07667888]",101
[0. 0. 0. 0. 0. 0. 0. 0. 0. 0. 0. 0. 0. 0. 0. 0. 0. 0. 0. 0. 0. 0. 0. 0.],"[ 0.46991219  0.20106335  0.18791436 -0.67241005  0.03597864  0.36911405
  1.28242987 -0.01353763  0.6435903   1.25358815  0.16482548  0.15709688
  0.14958842  0.81622872  1.30025925  0.30756407 -0.29423091 -1.58643364
  0.22296093 -0.08907377  0.43906523  0.39982594 -0.05035211  0.05681041]",102
[0. 0. 0. 0. 0. 0. 0. 0. 0. 0. 0. 0. 0. 0. 0. 0. 0. 0. 0. 0. 0. 0. 0. 0.],"[ 0.44755827  0.22341727  0.21026828 -0.69476397  0.01362472  0.39146797
  1.30478379  0.00881629  0.62123638  1.27594208  0.1871794   0.1794508
  0.17194234  0.83858264  1.32261317  0.32991799 -0.31658483 -1.60878757
  0.24531485 -0.06671985  0.41671131  0.37747202 -0.07270603  0.07916433]",103
[0. 0. 0. 0. 0. 0. 0. 0. 0. 0. 0. 0. 0. 0. 0. 0. 0. 0. 0. 0. 0. 0. 0. 0.],"[ 0.45272342  0.22858241  0.20510314 -0.69992912  0.00845957  0.39663311
  1.29961864  0.00365115  0.62640152  1.28110722  0.19234455  0.17428566
  0.17710749  0.84374779  1.31744803  0.33508314 -0.32174998 -1.61395271
  0.25047999 -0.071885    0.42187646  0.38263717 -0.06754088  0.07399918]",104
[0. 0. 0. 0. 0. 0. 0. 0. 0. 0. 0. 0. 0. 0. 0. 0. 0. 0. 0. 0. 0. 0. 0. 0.],"[ 0.4749995   0.2508585   0.22737922 -0.7222052  -0.01381652  0.4189092
  1.32189473  0.02592723  0.64867761  1.25883114  0.21462063  0.19656174
  0.19938358  0.86602388  1.33972411  0.35735922 -0.34402606 -1.6362288
  0.27275608 -0.04960891  0.39960037  0.40491325 -0.0452648   0.0517231 ]",105
[0. 0. 0. 0. 0. 0. 0. 0. 0. 0. 0. 0. 0. 0. 0. 0. 0. 0. 0. 0. 0. 0. 0. 0.],"[ 0.50153798  0.22432002  0.2539177  -0.74874368  0.01272196  0.44544768
  1.34843321  0.05246571  0.67521609  1.23229266  0.18808215  0.17002326
  0.22592205  0.89256236  1.36626259  0.33082074 -0.31748758 -1.60969032
  0.29929456 -0.07614739  0.37306189  0.43145173 -0.07180328  0.02518462]",106
[0. 0. 0. 0. 0. 0. 0. 0. 0. 0. 0. 0. 0. 0. 0. 0. 0. 0. 0. 0. 0. 0. 0. 0.],"[ 0.50492178  0.22770382  0.2573015  -0.75212748  0.01610576  0.44883147
  1.351817    0.05584951  0.67859988  1.22890886  0.18469836  0.16663947
  0.22930585  0.89594615  1.36964639  0.33420454 -0.31410379 -1.61307411
  0.29591076 -0.07953119  0.37644569  0.43483553 -0.06841948  0.02856841]",107
[0. 0. 0. 0. 0. 0. 0. 0. 0. 0. 0. 0. 0. 0. 0. 0. 0. 0. 0. 0. 0. 0. 0. 0.],"[ 5.20401512e-01  2.12224081e-01  2.72781231e-01 -7.67607214e-01
  6.26024870e-04  4.64311210e-01  1.33633727e+00  4.03697729e-02
  6.94079618e-01  1.24438860e+00  2.00178092e-01  1.82119203e-01
  2.44785586e-01  9.11425886e-01  1.38512612e+00  3.49684273e-01
 -2.98624051e-01 -1.59759438e+00  2.80431028e-01 -6.40514510e-02
  3.91925422e-01  4.50315261e-01 -8.38992176e-02  4.40481489e-02]",108
[0. 0. 0. 0. 0. 0. 0. 0. 0. 0. 0. 0. 0. 0. 0. 0. 0. 0. 0. 0. 0. 0. 0. 0.],"[ 0.52323255  0.20939304  0.26995019 -0.77043825  0.00345706  0.46148017
  1.33916831  0.03753873  0.69691066  1.24155756  0.19734705  0.18495024
  0.24195455  0.90859485  1.38229509  0.34685323 -0.29579301 -1.60042542
  0.27759999 -0.06122041  0.39475646  0.4531463  -0.08106818  0.04121711]",109
[0. 0. 0. 0. 0. 0. 0. 0. 0. 0. 0. 0. 0. 0. 0. 0. 0. 0. 0. 0. 0. 0. 0. 0.],"[ 0.5292848   0.20334079  0.26389794 -0.764386    0.00950931  0.46753242
  1.33311606  0.03148648  0.70296291  1.23550531  0.2033993   0.17889799
  0.2480068   0.9146471   1.38834734  0.34080098 -0.28974076 -1.60647767
  0.28365224 -0.06727266  0.38870421  0.44709405 -0.08712043  0.04726936]",110
[0. 0. 0. 0. 0. 0. 0. 0. 0. 0. 0. 0. 0. 0. 0. 0. 0. 0. 0. 0. 0. 0. 0. 0.],"[ 0.50622027  0.22640532  0.28696247 -0.74132147 -0.01355521  0.49059695
  1.35618058  0.05455101  0.72602744  1.25856984  0.22646383  0.20196252
  0.27107133  0.93771163  1.41141186  0.36386551 -0.26667623 -1.58341314
  0.30671677 -0.04420813  0.36563968  0.42402952 -0.0640559   0.02420483]",111
[0. 0. 0. 0. 0. 0. 0. 0. 0. 0. 0. 0. 0. 0. 0. 0. 0. 0. 0. 0. 0. 0. 0. 0.],"[ 0.50807795  0.22454764  0.28510479 -0.7394638  -0.01541289  0.48873927
  1.35432291  0.05269334  0.72788511  1.25671216  0.22460616  0.2038202
  0.26921365  0.9395693   1.40955419  0.36200784 -0.26853391 -1.58527082
  0.30485909 -0.04235046  0.36749736  0.42217184 -0.06219822  0.02606251]",112
[0. 0. 0. 0. 0. 0. 0. 0. 0. 0. 0. 0. 0. 0. 0. 0. 0. 0. 0. 0. 0. 0. 0. 0.],"[ 0.52686225  0.24333194  0.30388909 -0.75824809  0.0033714   0.50752357
  1.3731072   0.03390904  0.74666941  1.27549646  0.20582186  0.22260449
  0.28799795  0.92078501  1.42833848  0.38079213 -0.28731821 -1.56648652
  0.2860748  -0.02356616  0.38628165  0.44095614 -0.08098252  0.00727821]",113
[0. 0. 0. 0. 0. 0. 0. 0. 0. 0. 0. 0. 0. 0. 0. 0. 0. 0. 0. 0. 0. 0. 0. 0.],"[ 0.53136832  0.23882586  0.30839517 -0.76275417  0.00787748  0.51202965
  1.37761328  0.03841512  0.75117549  1.27099038  0.20131578  0.21809842
  0.29250402  0.92529108  1.42383241  0.37628605 -0.29182428 -1.56198044
  0.29058087 -0.02807224  0.38177558  0.44546222 -0.07647644  0.01178429]",114
[0. 0. 0. 0. 0. 0. 0. 0. 0. 0. 0. 0. 0. 0. 0. 0. 0. 0. 0. 0. 0. 0. 0. 0.],"[ 0.5516652   0.21852898  0.28809829 -0.78305105  0.02817436  0.53232653
  1.39791016  0.01811824  0.77147237  1.29128726  0.22161266  0.19780153
  0.3128009   0.9049942   1.40353553  0.35598917 -0.2715274  -1.54168356
  0.31087775 -0.00777536  0.3614787   0.4657591  -0.09677332 -0.00851259]",115
[0. 0. 0. 0. 0. 0. 0. 0. 0. 0. 0. 0. 0. 0. 0. 0. 0. 0. 0. 0. 0. 0. 0. 0.],"[ 0.55555139  0.21464279  0.2842121  -0.78693724  0.02428818  0.52844034
  1.40179635  0.02200442  0.76758618  1.29517345  0.21772648  0.20168772
  0.31668709  0.90888039  1.40742171  0.35987536 -0.27541359 -1.53779737
  0.31476394 -0.01166155  0.35759251  0.46187291 -0.09288714 -0.0046264 ]",116
[0. 0. 0. 0. 0. 0. 0. 0. 0. 0. 0. 0. 0. 0. 0. 0. 0. 0. 0. 0. 0. 0. 0. 0.],"[ 0.57528071  0.23437211  0.30394141 -0.80666655  0.00455886  0.54816965
  1.38206704  0.00227511  0.74785687  1.27544413  0.23745579  0.22141704
  0.29695778  0.88915108  1.3876924   0.34014605 -0.2951429  -1.51806806
  0.29503463  0.00806777  0.3378632   0.48160222 -0.07315782 -0.02435572]",117
[0. 0. 0. 0. 0. 0. 0. 0. 0. 0. 0. 0. 0. 0. 0. 0. 0. 0. 0. 0. 0. 0. 0. 0.],"[ 0.58674587  0.22290695  0.29247625 -0.81813171  0.01602402  0.55963481
  1.3935322   0.01374027  0.75932203  1.26397897  0.22599063  0.20995188
  0.30842294  0.90061624  1.39915756  0.32868089 -0.30660806 -1.52953322
  0.30649979 -0.00339739  0.32639803  0.49306738 -0.08462298 -0.03582088]",118
[0. 0. 0. 0. 0. 0. 0. 0. 0. 0. 0. 0. 0. 0. 0. 0. 0. 0. 0. 0. 0. 0. 0. 0.],"[ 0.59220964  0.22837072  0.28701247 -0.82359549  0.01056024  0.56509859
  1.38806842  0.01920405  0.7647858   1.25851519  0.23145441  0.2044881
  0.30295916  0.90608002  1.40462134  0.32321711 -0.31207184 -1.52406944
  0.31196357 -0.00886117  0.32093426  0.49853116 -0.09008676 -0.0303571 ]",119
[0. 0. 0. 0. 0. 0. 0. 0. 0. 0. 0. 0. 0. 0. 0. 0. 0. 0. 0. 0. 0. 0. 0. 0.],"[ 5.82722235e-01  2.37858135e-01  2.77525062e-01 -8.33082903e-01
  2.00476532e-02  5.55611182e-01  1.39755583e+00  2.86914608e-02
  7.55298394e-01  1.24902778e+00  2.40941818e-01  2.13975507e-01
  3.12446570e-01  9.15567428e-01  1.41410875e+00  3.32704519e-01
 -3.02584433e-01 -1.51458203e+00  3.21450979e-01  6.26237704e-04
  3.11446845e-01  5.08018574e-01 -8.05993511e-02 -2.08696861e-02]",120
[0. 0. 0. 0. 0. 0. 0. 0. 0. 0. 0. 0. 0. 0. 0. 0. 0. 0. 0. 0. 0. 0. 0. 0.],"[ 0.58716851  0.24230441  0.27307879 -0.83752917  0.01560138  0.56005745
  1.4020021   0.03313773  0.75974467  1.25347406  0.23649555  0.20952923
  0.3080003   0.9200137   1.41855502  0.33715079 -0.29813816 -1.51013576
  0.31700471 -0.00382003  0.31589312  0.5035723  -0.08504562 -0.01642341]",121
[0. 0. 0. 0. 0. 0. 0. 0. 0. 0. 0. 0. 0. 0. 0. 0. 0. 0. 0. 0. 0. 0. 0. 0.],"[ 0.56315305  0.26631986  0.29709424 -0.81351372 -0.00841407  0.58407291
  1.42601755  0.05715318  0.73572921  1.2294586   0.260511    0.23354469
  0.28398485  0.89599825  1.44257047  0.36116624 -0.32215361 -1.53415121
  0.29298926 -0.02783549  0.29187767  0.52758775 -0.06103017 -0.04043887]",122
[0. 0. 0. 0. 0. 0. 0. 0. 0. 0. 0. 0. 0. 0. 0. 0. 0. 0. 0. 0. 0. 0. 0. 0.],"[ 0.56894358  0.26052934  0.30288476 -0.8077232  -0.00262355  0.57828238
  1.42022703  0.05136266  0.74151973  1.22366808  0.26630152  0.23933521
  0.27819433  0.89020773  1.44836099  0.36695676 -0.31636309 -1.52836069
  0.28719873 -0.02204497  0.28608714  0.52179723 -0.06682069 -0.04622939]",123
[0. 0. 0. 0. 0. 0. 0. 0. 0. 0. 0. 0. 0. 0. 0. 0. 0. 0. 0. 0. 0. 0. 0. 0.],"[ 0.55581197  0.27366094  0.28975316 -0.8208548   0.01050805  0.59141399
  1.43335863  0.03823106  0.72838813  1.23679969  0.27943312  0.2262036
  0.26506272  0.87707612  1.43522939  0.35382516 -0.30323149 -1.54149229
  0.27406713 -0.00891336  0.27295554  0.53492884 -0.05368909 -0.03309778]",124
[0. 0. 0. 0. 0. 0. 0. 0. 0. 0. 0. 0. 0. 0. 0. 0. 0. 0. 0. 0. 0. 0. 0. 0.],"[ 0.57204091  0.28988988  0.3059821  -0.80462587  0.02673699  0.60764292
  1.4171297   0.05446     0.74461707  1.22057075  0.29566206  0.20997467
  0.28129166  0.86084719  1.45145833  0.3700541  -0.28700255 -1.55772123
  0.25783819  0.00731557  0.2567266   0.5186999  -0.06991803 -0.01686885]",125
[0. 0. 0. 0. 0. 0. 0. 0. 0. 0. 0. 0. 0. 0. 0. 0. 0. 0. 0. 0. 0. 0. 0. 0.],"[ 0.57007177  0.29185902  0.30401295 -0.80265673  0.02476785  0.60567378
  1.41516056  0.05249086  0.74264793  1.22253989  0.2976312   0.21194381
  0.27932252  0.86281633  1.44948919  0.37202324 -0.28503341 -1.55969037
  0.25980734  0.00928472  0.25475746  0.52066904 -0.06794888 -0.01489971]",126
[0. 0. 0. 0. 0. 0. 0. 0. 0. 0. 0. 0. 0. 0. 0. 0. 0. 0. 0. 0. 0. 0. 0. 0.],"[ 0.56875539  0.29317539  0.30269658 -0.8039731   0.02608422  0.60699016
  1.41647693  0.05380723  0.74133155  1.22385626  0.29894757  0.21062743
  0.28063889  0.86149995  1.45080556  0.37333961 -0.28371704 -1.558374
  0.26112371  0.00796834  0.25607384  0.52198542 -0.06926526 -0.01358333]",127
[0. 0. 0. 0. 0. 0. 0. 0. 0. 0. 0. 0. 0. 0. 0. 0. 0. 0. 0. 0. 0. 0. 0. 0.],"[ 0.59824563  0.32266563  0.27320635 -0.77448287  0.05557446  0.63648039
  1.3869867   0.08329746  0.71184132  1.19436603  0.32843781  0.24011767
  0.25114866  0.83200972  1.4802958   0.40282985 -0.31320727 -1.52888376
  0.23163348 -0.02152189  0.2265836   0.49249518 -0.03977503 -0.04307356]",128
[0. 0. 0. 0. 0. 0. 0. 0. 0. 0. 0. 0. 0. 0. 0. 0. 0. 0. 0. 0. 0. 0. 0. 0.],"[ 0.58832215  0.33258911  0.28312983 -0.76455939  0.04565098  0.64640387
  1.39691018  0.07337399  0.7217648   1.18444255  0.31851433  0.25004115
  0.26107214  0.8419332   1.47037232  0.41275332 -0.30328379 -1.51896028
  0.24155696 -0.03144537  0.23650708  0.50241866 -0.02985155 -0.05299704]",129
[0. 0. 0. 0. 0. 0. 0. 0. 0. 0. 0. 0. 0. 0. 0. 0. 0. 0. 0. 0. 0. 0. 0. 0.],"[ 0.59007487  0.33434183  0.28488255 -0.76631211  0.04389826  0.64465115
  1.3986629   0.07512671  0.72001208  1.18619527  0.31676161  0.25179387
  0.26282486  0.84018048  1.46861959  0.4110006  -0.30153107 -1.52071301
  0.24330968 -0.02969265  0.23475436  0.50066594 -0.02809883 -0.05124432]",130
[0. 0. 0. 0. 0. 0. 0. 0. 0. 0. 0. 0. 0. 0. 0. 0. 0. 0. 0. 0. 0. 0. 0. 0.],"[ 0.60353934  0.32087736  0.27141808 -0.75284765  0.03043379  0.65811561
  1.38519843  0.08859117  0.70654761  1.17273081  0.33022607  0.2383294
  0.27628933  0.85364494  1.48208406  0.42446507 -0.31499554 -1.50724854
  0.25677414 -0.04315712  0.24821883  0.5141304  -0.04156329 -0.03777986]",131
[0. 0. 0. 0. 0. 0. 0. 0. 0. 0. 0. 0. 0. 0. 0. 0. 0. 0. 0. 0. 0. 0. 0. 0.],"[ 0.60879903  0.32613705  0.27667777 -0.75810734  0.0251741   0.66337531
  1.39045812  0.09385087  0.70128792  1.1779905   0.33548577  0.23306971
  0.28154902  0.85890464  1.47682437  0.41920538 -0.32025523 -1.50198885
  0.25151445 -0.03789742  0.25347852  0.5193901  -0.0363036  -0.04303955]",132
[0. 0. 0. 0. 0. 0. 0. 0. 0. 0. 0. 0. 0. 0. 0. 0. 0. 0. 0. 0. 0. 0. 0. 0.],"[ 0.61175161  0.32908963  0.27372519 -0.76105992  0.02222152  0.66042273
  1.3934107   0.09089829  0.7042405   1.18094308  0.33843835  0.23011713
  0.2845016   0.86185722  1.47977695  0.42215796 -0.32320781 -1.50494143
  0.24856187 -0.04085     0.25052594  0.52234268 -0.03335102 -0.04008697]",133
[0. 0. 0. 0. 0. 0. 0. 0. 0. 0. 0. 0. 0. 0. 0. 0. 0. 0. 0. 0. 0. 0. 0. 0.],"[ 0.59599832  0.34484292  0.25797191 -0.7768132   0.00646823  0.67617601
  1.40916399  0.075145    0.68848721  1.19669637  0.35419163  0.24587042
  0.26874831  0.8776105   1.49553023  0.40640467 -0.30745452 -1.48918814
  0.26431516 -0.05660329  0.26627923  0.50658939 -0.01759773 -0.05584026]",134
[0. 0. 0. 0. 0. 0. 0. 0. 0. 0. 0. 0. 0. 0. 0. 0. 0. 0. 0. 0. 0. 0. 0. 0.],"[ 0.58305226  0.33189686  0.24502584 -0.78975927  0.0194143   0.68912208
  1.42211006  0.06219894  0.70143328  1.1837503   0.3671377   0.25881648
  0.25580225  0.86466444  1.48258417  0.3934586  -0.29450846 -1.47624208
  0.27726122 -0.04365722  0.25333316  0.49364333 -0.00465167 -0.04289419]",135
[0. 0. 0. 0. 0. 0. 0. 0. 0. 0. 0. 0. 0. 0. 0. 0. 0. 0. 0. 0. 0. 0. 0. 0.],"[ 0.58663744  0.33548204  0.24861102 -0.79334445  0.02299948  0.69270726
  1.41852488  0.06578412  0.70501846  1.18733548  0.37072288  0.26240166
  0.25221707  0.86824962  1.47899899  0.39704378 -0.29809364 -1.47265689
  0.2808464  -0.04007204  0.25691834  0.49005815 -0.00823685 -0.04647937]",136
[0. 0. 0. 0. 0. 0. 0. 0. 0. 0. 0. 0. 0. 0. 0. 0. 0. 0. 0. 0. 0. 0. 0. 0.],"[ 0.60054722  0.34939182  0.26252081 -0.80725423  0.03690926  0.70661704
  1.40461509  0.0796939   0.69110867  1.1734257   0.38463266  0.27631144
  0.23830728  0.8821594   1.49290877  0.383134   -0.31200342 -1.48656668
  0.26693662 -0.05398183  0.27082812  0.50396793  0.00567294 -0.03256959]",137
[0. 0. 0. 0. 0. 0. 0. 0. 0. 0. 0. 0. 0. 0. 0. 0. 0. 0. 0. 0. 0. 0. 0. 0.],"[ 0.63557973  0.31435931  0.2274883  -0.77222173  0.00187675  0.74164955
  1.4396476   0.04466139  0.65607617  1.20845821  0.34960016  0.24127894
  0.27333979  0.91719191  1.52794128  0.3481015  -0.27697091 -1.52159918
  0.23190411 -0.08901433  0.23579562  0.53900043  0.04070544 -0.06760209]",138
[0. 0. 0. 0. 0. 0. 0. 0. 0. 0. 0. 0. 0. 0. 0. 0. 0. 0. 0. 0. 0. 0. 0. 0.],"[ 0.65354192  0.3323215   0.24545049 -0.79018392  0.01983895  0.72368736
  1.45760979  0.0266992   0.67403836  1.2264204   0.36756235  0.25924113
  0.29130198  0.89922971  1.50997909  0.36606369 -0.29493311 -1.53956138
  0.21394192 -0.07105214  0.21783343  0.52103824  0.05866763 -0.08556429]",139
[0. 0. 0. 0. 0. 0. 0. 0. 0. 0. 0. 0. 0. 0. 0. 0. 0. 0. 0. 0. 0. 0. 0. 0.],"[ 0.65102924  0.33483418  0.24796317 -0.78767124  0.02235162  0.72620003
  1.45509712  0.02921187  0.67655103  1.22390772  0.36504967  0.25672845
  0.29381466  0.90174239  1.50746641  0.36355101 -0.29744578 -1.54207405
  0.2164546  -0.07356481  0.21532075  0.52355092  0.06118031 -0.08305161]",140
[0. 0. 0. 0. 0. 0. 0. 0. 0. 0. 0. 0. 0. 0. 0. 0. 0. 0. 0. 0. 0. 0. 0. 0.],"[ 0.64595042  0.32975536  0.25304199 -0.78259242  0.02743044  0.72112121
  1.45001829  0.02413305  0.67147221  1.2188289   0.37012849  0.26180728
  0.28873584  0.90682121  1.51254523  0.36862983 -0.3025246  -1.54715287
  0.21137577 -0.07864364  0.21024193  0.5184721   0.05610149 -0.07797279]",141
[0. 0. 0. 0. 0. 0. 0. 0. 0. 0. 0. 0. 0. 0. 0. 0. 0. 0. 0. 0. 0. 0. 0. 0.],"[ 0.64186483  0.32566977  0.2489564  -0.78667801  0.03151603  0.7252068
  1.45410388  0.02821864  0.66738663  1.22291449  0.37421408  0.25772169
  0.28465025  0.9109068   1.50845965  0.36454425 -0.30661019 -1.55123846
  0.20729019 -0.08272922  0.21432752  0.51438651  0.06018707 -0.0738872 ]",142
[0. 0. 0. 0. 0. 0. 0. 0. 0. 0. 0. 0. 0. 0. 0. 0. 0. 0. 0. 0. 0. 0. 0. 0.],"[ 0.64458085  0.32295375  0.24624038 -0.78939403  0.03423205  0.72249078
  1.4568199   0.03093466  0.66467061  1.22019847  0.3769301   0.26043771
  0.28736627  0.90819078  1.50574363  0.36182823 -0.30389417 -1.54852244
  0.2100062  -0.08544524  0.2116115   0.51710253  0.06290309 -0.07660322]",143
[0. 0. 0. 0. 0. 0. 0. 0. 0. 0. 0. 0. 0. 0. 0. 0. 0. 0. 0. 0. 0. 0. 0. 0.],"[ 0.63076167  0.30913457  0.26005957 -0.80321321  0.02041287  0.73630996
  1.44300072  0.04475384  0.65085143  1.20637929  0.39074928  0.27425689
  0.27354708  0.92200996  1.51956281  0.34800905 -0.31771335 -1.56234162
  0.22382539 -0.09926442  0.22543068  0.53092171  0.07672227 -0.06278404]",144
[0. 0. 0. 0. 0. 0. 0. 0. 0. 0. 0. 0. 0. 0. 0. 0. 0. 0. 0. 0. 0. 0. 0. 0.],"[ 0.6201344   0.31976184  0.27068683 -0.79258594  0.03104013  0.74693723
  1.45362798  0.05538111  0.64022416  1.21700656  0.40137655  0.26362962
  0.28417435  0.9113827   1.50893554  0.33738178 -0.30708609 -1.57296889
  0.23445265 -0.08863716  0.23605795  0.54154897  0.06609501 -0.05215677]",145
[0. 0. 0. 0. 0. 0. 0. 0. 0. 0. 0. 0. 0. 0. 0. 0. 0. 0. 0. 0. 0. 0. 0. 0.],"[ 0.6222751   0.31762114  0.27282753 -0.79472664  0.03318083  0.74907793
  1.45576868  0.05752181  0.64236486  1.21914726  0.40351725  0.26148892
  0.28631505  0.909242    1.50679484  0.33524108 -0.30494539 -1.57082819
  0.23659335 -0.09077786  0.23819865  0.54368968  0.06395431 -0.05429747]",146
[0. 0. 0. 0. 0. 0. 0. 0. 0. 0. 0. 0. 0. 0. 0. 0. 0. 0. 0. 0. 0. 0. 0. 0.],"[ 0.6168246   0.32307164  0.27827804 -0.78927614  0.03863134  0.74362743
  1.46121919  0.06297231  0.64781536  1.21369675  0.40896775  0.26693942
  0.29176555  0.90379149  1.50134434  0.34069158 -0.31039589 -1.57627869
  0.24204386 -0.08532735  0.23274815  0.53823917  0.06940481 -0.05974797]",147
[0. 0. 0. 0. 0. 0. 0. 0. 0. 0. 0. 0. 0. 0. 0. 0. 0. 0. 0. 0. 0. 0. 0. 0.],"[ 0.62089006  0.31900619  0.28234349 -0.78521068  0.04269679  0.73956197
  1.45715373  0.06703777  0.65188082  1.2096313   0.41303321  0.27100488
  0.29583101  0.90785695  1.5054098   0.34475704 -0.31446135 -1.57221324
  0.2379784  -0.0812619   0.2368136   0.53417372  0.07347026 -0.05568252]",148
[0. 0. 0. 0. 0. 0. 0. 0. 0. 0. 0. 0. 0. 0. 0. 0. 0. 0. 0. 0. 0. 0. 0. 0.],"[ 0.62619501  0.31370123  0.28764845 -0.79051564  0.03739183  0.74486693
  1.45184877  0.07234272  0.65718578  1.21493626  0.40772825  0.27630984
  0.30113597  0.91316191  1.50010484  0.350062   -0.30915639 -1.5775182
  0.24328336 -0.07595694  0.23150864  0.53947868  0.07877522 -0.06098748]",149
[0. 0. 0. 0. 0. 0. 0. 0. 0. 0. 0. 0. 0. 0. 0. 0. 0. 0. 0. 0. 0. 0. 0. 0.],"[ 0.62723232  0.31473853  0.28868575 -0.78947834  0.03635453  0.74590423
  1.45288608  0.07130542  0.65822308  1.21597356  0.40669094  0.27527254
  0.30009866  0.9121246   1.49906753  0.3510993  -0.31019369 -1.5785555
  0.24224606 -0.07699424  0.23254595  0.53844137  0.07981253 -0.05995017]",150
[0. 0. 0. 0. 0. 0. 0. 0. 0. 0. 0. 0. 0. 0. 0. 0. 0. 0. 0. 0. 0. 0. 0. 0.],"[ 0.63975257  0.32725878  0.27616551 -0.77695809  0.04887478  0.75842448
  1.44036583  0.05878517  0.64570283  1.22849381  0.41921119  0.26275229
  0.28757842  0.89960436  1.51158778  0.36361955 -0.29767344 -1.56603525
  0.22972581 -0.06447399  0.2200257   0.52592112  0.06729228 -0.07247042]",151
[0. 0. 0. 0. 0. 0. 0. 0. 0. 0. 0. 0. 0. 0. 0. 0. 0. 0. 0. 0. 0. 0. 0. 0.],"[ 0.63657248  0.32407869  0.27298542 -0.78013818  0.05205486  0.75524439
  1.43718574  0.06196526  0.64252274  1.2316739   0.42239128  0.26593238
  0.28439833  0.90278444  1.51476787  0.36679964 -0.30085353 -1.56285517
  0.2329059  -0.06129391  0.21684561  0.52910121  0.06411219 -0.07565051]",152
[0. 0. 0. 0. 0. 0. 0. 0. 0. 0. 0. 0. 0. 0. 0. 0. 0. 0. 0. 0. 0. 0. 0. 0.],"[ 0.63696041  0.32369076  0.27337335 -0.78052611  0.05166693  0.75563233
  1.43757367  0.06235319  0.64213481  1.23206183  0.42277921  0.26554444
  0.2840104   0.90239651  1.5151558   0.3664117  -0.3004656  -1.5632431
  0.23251797 -0.06168184  0.21645768  0.52948914  0.06372426 -0.07526258]",153
[0. 0. 0. 0. 0. 0. 0. 0. 0. 0. 0. 0. 0. 0. 0. 0. 0. 0. 0. 0. 0. 0. 0. 0.],"[ 0.63783156  0.32456191  0.2725022  -0.78139726  0.05253808  0.75650348
  1.43670252  0.06148204  0.64300596  1.23119068  0.42365036  0.26467329
  0.28488155  0.90152536  1.51428465  0.36554055 -0.29959445 -1.56411425
  0.23338912 -0.06081069  0.21732883  0.5303603   0.06285311 -0.07613373]",154
[0. 0. 0. 0. 0. 0. 0. 0. 0. 0. 0. 0. 0. 0. 0. 0. 0. 0. 0. 0. 0. 0. 0. 0.],"[ 0.64384142  0.33057177  0.26649234 -0.7753874   0.05854794  0.76251334
  1.44271238  0.0674919   0.6369961   1.23720054  0.42966022  0.25866343
  0.27887169  0.90753522  1.52029451  0.35953069 -0.29358459 -1.55810439
  0.22737926 -0.06682055  0.21131897  0.52435044  0.06886297 -0.08214359]",155
[0. 0. 0. 0. 0. 0. 0. 0. 0. 0. 0. 0. 0. 0. 0. 0. 0. 0. 0. 0. 0. 0. 0. 0.],"[ 0.64657637  0.33330672  0.26922729 -0.77265245  0.0612829   0.76524829
  1.44544733  0.06475695  0.63426115  1.23446558  0.43239518  0.25592848
  0.27613674  0.91027017  1.52302946  0.36226565 -0.29631954 -1.56083934
  0.23011421 -0.06408559  0.20858402  0.52161548  0.07159792 -0.07940864]",156
[0. 0. 0. 0. 0. 0. 0. 0. 0. 0. 0. 0. 0. 0. 0. 0. 0. 0. 0. 0. 0. 0. 0. 0.],"[ 0.64690395  0.3336343   0.26955487 -0.77232487  0.06095532  0.76557586
  1.44577491  0.06508452  0.63393358  1.23413801  0.43272275  0.2556009
  0.27580916  0.9099426   1.52270189  0.36259322 -0.29599196 -1.56116692
  0.22978663 -0.06441317  0.20825644  0.52128791  0.0719255  -0.07973621]",157
[0. 0. 0. 0. 0. 0. 0. 0. 0. 0. 0. 0. 0. 0. 0. 0. 0. 0. 0. 0. 0. 0. 0. 0.],"[ 0.64407879  0.33645945  0.27238002 -0.77515003  0.05813017  0.76275071
  1.44294975  0.06790968  0.63110842  1.23696316  0.42989759  0.25842606
  0.27863432  0.91276775  1.51987673  0.35976807 -0.29316681 -1.55834176
  0.22696148 -0.06723833  0.2110816   0.51846275  0.06910034 -0.08256137]",158
[0. 0. 0. 0. 0. 0. 0. 0. 0. 0. 0. 0. 0. 0. 0. 0. 0. 0. 0. 0. 0. 0. 0. 0.],"[ 0.66501062  0.35739128  0.29331185 -0.79608185  0.03719834  0.78368253
  1.42201793  0.04697785  0.65204025  1.25789499  0.45082942  0.27935788
  0.25770249  0.89183593  1.49894491  0.33883624 -0.31409863 -1.53740994
  0.20602965 -0.0463065   0.19014977  0.49753093  0.09003217 -0.10349319]",159
[0. 0. 0. 0. 0. 0. 0. 0. 0. 0. 0. 0. 0. 0. 0. 0. 0. 0. 0. 0. 0. 0. 0. 0.],"[ 0.67757017  0.36995083  0.3058714  -0.80864141  0.02463878  0.79624209
  1.43457748  0.0344183   0.63948069  1.24533543  0.46338898  0.29191744
  0.27026205  0.87927637  1.51150446  0.3513958  -0.32665819 -1.52485038
  0.21858921 -0.05886606  0.17759022  0.51009048  0.07747261 -0.11605275]",160
[0. 0. 0. 0. 0. 0. 0. 0. 0. 0. 0. 0. 0. 0. 0. 0. 0. 0. 0. 0. 0. 0. 0. 0.],"[ 0.68663136  0.37901202  0.29681022 -0.81770259  0.0155776   0.80530327
  1.4255163   0.02535712  0.63041951  1.23627425  0.47245016  0.30097862
  0.27932323  0.87021519  1.52056564  0.34233462 -0.33571937 -1.53391156
  0.20952803 -0.06792724  0.1866514   0.5010293   0.08653379 -0.10699157]",161
[0. 0. 0. 0. 0. 0. 0. 0. 0. 0. 0. 0. 0. 0. 0. 0. 0. 0. 0. 0. 0. 0. 0. 0.],"[ 0.69169076  0.37395262  0.29175082 -0.81264319  0.020637    0.81036267
  1.4204569   0.02029772  0.62536011  1.24133365  0.46739076  0.29591922
  0.28438263  0.86515579  1.51550625  0.33727522 -0.34077877 -1.52885216
  0.21458743 -0.07298664  0.1917108   0.4959699   0.09159319 -0.11205096]",162
[0. 0. 0. 0. 0. 0. 0. 0. 0. 0. 0. 0. 0. 0. 0. 0. 0. 0. 0. 0. 0. 0. 0. 0.],"[ 0.67549513  0.39014824  0.30794645 -0.79644757  0.03683262  0.82655829
  1.43665253  0.00410209  0.64155573  1.25752927  0.45119514  0.2797236
  0.26818701  0.84896017  1.49931062  0.35347084 -0.32458315 -1.54504779
  0.1983918  -0.05679102  0.20790642  0.51216553  0.10778881 -0.09585534]",163
[0. 0. 0. 0. 0. 0. 0. 0. 0. 0. 0. 0. 0. 0. 0. 0. 0. 0. 0. 0. 0. 0. 0. 0.],"[ 0.7085558   0.35708758  0.27488578 -0.76338691  0.06989329  0.85961896
  1.46971319 -0.02895857  0.60849507  1.29058994  0.4842558   0.31278427
  0.23512634  0.8158995   1.53237129  0.3865315  -0.35764381 -1.57810845
  0.16533114 -0.02373035  0.17484575  0.47910486  0.14084948 -0.12891601]",164
[0. 0. 0. 0. 0. 0. 0. 0. 0. 0. 0. 0. 0. 0. 0. 0. 0. 0. 0. 0. 0. 0. 0. 0.],"[ 0.68765123  0.37799214  0.25398121 -0.78429148  0.04898872  0.88052353
  1.49061776 -0.008054    0.5875905   1.26968537  0.46335123  0.33368883
  0.21422177  0.79499494  1.55327586  0.36562693 -0.37854838 -1.59901302
  0.14442657 -0.04463492  0.19575032  0.45820029  0.11994491 -0.14982057]",165
[0. 0. 0. 0. 0. 0. 0. 0. 0. 0. 0. 0. 0. 0. 0. 0. 0. 0. 0. 0. 0. 0. 0. 0.],"[ 0.69251774  0.37312563  0.25884772 -0.78915799  0.05385523  0.87565702
  1.48575125 -0.00318749  0.59245701  1.26481886  0.45848472  0.33855535
  0.20935526  0.79986145  1.54840934  0.37049345 -0.37368187 -1.59414651
  0.14929308 -0.04950143  0.20061684  0.4630668   0.12481142 -0.14495406]",166
[0. 0. 0. 0. 0. 0. 0. 0. 0. 0. 0. 0. 0. 0. 0. 0. 0. 0. 0. 0. 0. 0. 0. 0.],"[ 0.68245418  0.36306207  0.24878417 -0.79922155  0.04379167  0.88572057
  1.47568769 -0.01325105  0.60252057  1.27488242  0.44842116  0.34861891
  0.21941882  0.78979789  1.53834578  0.36042989 -0.36361831 -1.58408295
  0.13922952 -0.05956499  0.21068039  0.47313036  0.13487498 -0.15501762]",167
[0. 0. 0. 0. 0. 0. 0. 0. 0. 0. 0. 0. 0. 0. 0. 0. 0. 0. 0. 0. 0. 0. 0. 0.],"[ 0.68666015  0.3588561   0.24457819 -0.79501558  0.04799764  0.8815146
  1.47989366 -0.00904508  0.5983146   1.27908839  0.45262713  0.35282488
  0.22362479  0.78559192  1.54255176  0.35622391 -0.35941234 -1.57987698
  0.1434355  -0.06377096  0.21488637  0.47733634  0.13066901 -0.15081165]",168
[0. 0. 0. 0. 0. 0. 0. 0. 0. 0. 0. 0. 0. 0. 0. 0. 0. 0. 0. 0. 0. 0. 0. 0.],"[ 0.69082118  0.36301713  0.24041717 -0.7991766   0.05215867  0.88567563
  1.47573264 -0.0132061   0.59415357  1.28324941  0.45678816  0.34866385
  0.22778582  0.78143089  1.53839073  0.35206289 -0.36357336 -1.57571595
  0.14759652 -0.06793199  0.21904739  0.47317531  0.13483003 -0.15497267]",169
[0. 0. 0. 0. 0. 0. 0. 0. 0. 0. 0. 0. 0. 0. 0. 0. 0. 0. 0. 0. 0. 0. 0. 0.],"[ 0.68374618  0.37009212  0.23334217 -0.8062516   0.05923367  0.87860063
  1.48280763 -0.0202811   0.60122857  1.27617441  0.46386316  0.35573885
  0.22071082  0.77435589  1.53131573  0.34498789 -0.35649836 -1.56864095
  0.15467152 -0.07500699  0.22612239  0.46610031  0.14190503 -0.14789768]",170
[0. 0. 0. 0. 0. 0. 0. 0. 0. 0. 0. 0. 0. 0. 0. 0. 0. 0. 0. 0. 0. 0. 0. 0.],"[ 0.68134235  0.36768829  0.23093834 -0.80865543  0.05682984  0.88100446
  1.48521147 -0.02268493  0.59882474  1.27377058  0.46626699  0.35333502
  0.22311465  0.77675972  1.5289119   0.34258406 -0.35409453 -1.56623712
  0.15226769 -0.07260316  0.22852622  0.46369648  0.1395012  -0.14549384]",171
[0. 0. 0. 0. 0. 0. 0. 0. 0. 0. 0. 0. 0. 0. 0. 0. 0. 0. 0. 0. 0. 0. 0. 0.],"[ 0.68611609  0.36291455  0.23571208 -0.81342918  0.06160358  0.8857782
  1.48043772 -0.01791119  0.60359849  1.27854433  0.47104073  0.34856128
  0.2183409   0.78153347  1.53368565  0.33781031 -0.35886828 -1.57101087
  0.15704143 -0.06782941  0.22375248  0.45892274  0.14427495 -0.1407201 ]",172
[0. 0. 0. 0. 0. 0. 0. 0. 0. 0. 0. 0. 0. 0. 0. 0. 0. 0. 0. 0. 0. 0. 0. 0.],"[ 6.68621211e-01  3.80409429e-01  2.53206965e-01 -8.30924057e-01
  7.90984632e-02  9.03273086e-01  1.49793260e+00 -4.16304072e-04
  5.86103604e-01  1.26104945e+00  4.53545853e-01  3.66056158e-01
  2.00846023e-01  7.99028350e-01  1.51619077e+00  3.55305196e-01
 -3.41373395e-01 -1.55351599e+00  1.74536316e-01 -5.03345281e-02
  2.41247358e-01  4.76417618e-01  1.26780063e-01 -1.23225217e-01]",173
[0. 0. 0. 0. 0. 0. 0. 0. 0. 0. 0. 0. 0. 0. 0. 0. 0. 0. 0. 0. 0. 0. 0. 0.],"[ 0.66647989  0.38255075  0.25106565 -0.83306538  0.08123978  0.9054144
  1.50007392 -0.00255762  0.58824492  1.26319076  0.45568717  0.36819748
  0.19870471  0.79688703  1.51833208  0.35316388 -0.34351471 -1.55137467
  0.17667763 -0.04819321  0.24338868  0.4742763   0.12892138 -0.12536653]",174
[0. 0. 0. 0. 0. 0. 0. 0. 0. 0. 0. 0. 0. 0. 0. 0. 0. 0. 0. 0. 0. 0. 0. 0.],"[ 0.65887565  0.39015499  0.25866989 -0.82546113  0.08884402  0.91301864
  1.49246968 -0.01016186  0.59584916  1.25558652  0.44808293  0.36059323
  0.19110046  0.80449127  1.52593632  0.36076812 -0.33591047 -1.54377043
  0.16907339 -0.04058897  0.25099292  0.48188054  0.13652562 -0.11776229]",175
[0. 0. 0. 0. 0. 0. 0. 0. 0. 0. 0. 0. 0. 0. 0. 0. 0. 0. 0. 0. 0. 0. 0. 0.],"[ 0.66733849  0.38169215  0.25020705 -0.8169983   0.08038119  0.92148148
  1.50093251 -0.0186247   0.58738633  1.24712369  0.4396201   0.3521304
  0.1995633   0.79602844  1.53439916  0.35230528 -0.32744764 -1.53530759
  0.17753623 -0.03212614  0.24253008  0.49034337  0.12806279 -0.12622513]",176
[0. 0. 0. 0. 0. 0. 0. 0. 0. 0. 0. 0. 0. 0. 0. 0. 0. 0. 0. 0. 0. 0. 0. 0.],"[ 0.67423081  0.37479983  0.25709937 -0.81010598  0.07348887  0.9283738
  1.50782483 -0.01173238  0.59427865  1.25401601  0.44651242  0.34523808
  0.19267098  0.78913612  1.52750684  0.34541297 -0.32055532 -1.52841527
  0.17064391 -0.02523382  0.23563776  0.49723569  0.13495511 -0.11933281]",177
[0. 0. 0. 0. 0. 0. 0. 0. 0. 0. 0. 0. 0. 0. 0. 0. 0. 0. 0. 0. 0. 0. 0. 0.],"[ 0.67753331  0.37810234  0.25379687 -0.81340848  0.07679137  0.9250713
  1.50452233 -0.00842987  0.59097615  1.25071351  0.44320991  0.34854058
  0.18936848  0.78583362  1.52420434  0.34871547 -0.32385782 -1.53171778
  0.16734141 -0.02853632  0.23233526  0.5005382   0.1316526  -0.11603031]",178
[0. 0. 0. 0. 0. 0. 0. 0. 0. 0. 0. 0. 0. 0. 0. 0. 0. 0. 0. 0. 0. 0. 0. 0.],"[ 0.67594409  0.37969155  0.25220766 -0.8149977   0.07520215  0.92666051
  1.50611155 -0.01001909  0.59256536  1.24912429  0.4416207   0.3501298
  0.18777926  0.78742283  1.52579355  0.35030468 -0.32544704 -1.53012856
  0.16893062 -0.0269471   0.23074604  0.49894898  0.13006339 -0.11761952]",179
[0. 0. 0. 0. 0. 0. 0. 0. 0. 0. 0. 0. 0. 0. 0. 0. 0. 0. 0. 0. 0. 0. 0. 0.],"[ 0.67199204  0.3757395   0.24825561 -0.81104565  0.07125011  0.93061256
  1.51006359 -0.00606704  0.58861331  1.24517224  0.44557274  0.35408185
  0.18382721  0.79137488  1.52184151  0.35425673 -0.32149499 -1.52617651
  0.16497857 -0.02299506  0.23469809  0.50290103  0.13401544 -0.11366747]",180
[0. 0. 0. 0. 0. 0. 0. 0. 0. 0. 0. 0. 0. 0. 0. 0. 0. 0. 0. 0. 0. 0. 0. 0.],"[ 0.67211639  0.37561516  0.24837995 -0.81117     0.07137445  0.93073691
  1.51018794 -0.0059427   0.58848897  1.2450479   0.4454484   0.35420619
  0.18370287  0.79149923  1.52196585  0.35438108 -0.32161934 -1.52605217
  0.16510292 -0.0231194   0.23482244  0.50277668  0.13389109 -0.11354313]",181
[0. 0. 0. 0. 0. 0. 0. 0. 0. 0. 0. 0. 0. 0. 0. 0. 0. 0. 0. 0. 0. 0. 0. 0.],"[ 0.65869421  0.38903734  0.23495778 -0.79774782  0.08479663  0.94415909
  1.49676576 -0.01936488  0.60191115  1.23162572  0.45887058  0.34078402
  0.19712505  0.77807705  1.53538803  0.3409589  -0.33504152 -1.53947435
  0.15168074 -0.00969722  0.24824462  0.4893545   0.12046891 -0.10012095]",182
[0. 0. 0. 0. 0. 0. 0. 0. 0. 0. 0. 0. 0. 0. 0. 0. 0. 0. 0. 0. 0. 0. 0. 0.],"[ 0.67517645  0.3725551   0.25144001 -0.78126558  0.10127887  0.96064132
  1.48028352 -0.00288264  0.61839339  1.21514348  0.44238834  0.35726625
  0.21360729  0.79455929  1.55187027  0.32447666 -0.31855928 -1.55595658
  0.1351985   0.00678502  0.26472686  0.50583674  0.13695115 -0.11660319]",183
[0. 0. 0. 0. 0. 0. 0. 0. 0. 0. 0. 0. 0. 0. 0. 0. 0. 0. 0. 0. 0. 0. 0. 0.],"[ 6.71056528e-01  3.68435174e-01  2.47320091e-01 -7.77145657e-01
  9.71589488e-02  9.64761248e-01  1.48440345e+00  1.23728762e-03
  6.22513310e-01  1.21926340e+00  4.38268414e-01  3.61386178e-01
  2.09487362e-01  7.90439365e-01  1.55599019e+00  3.20356736e-01
 -3.14439354e-01 -1.55183666e+00  1.31078579e-01  2.66509279e-03
  2.68846781e-01  5.09956664e-01  1.41071073e-01 -1.12483264e-01]",184
[0. 0. 0. 0. 0. 0. 0. 0. 0. 0. 0. 0. 0. 0. 0. 0. 0. 0. 0. 0. 0. 0. 0. 0.],"[ 6.68839874e-01  3.70651828e-01  2.49536746e-01 -7.79362311e-01
  9.49422948e-02  9.62544594e-01  1.48218679e+00  3.45394170e-03
  6.24729964e-01  1.22148006e+00  4.40485068e-01  3.59169524e-01
  2.11704016e-01  7.92656019e-01  1.55820685e+00  3.18140082e-01
 -3.12222700e-01 -1.54962001e+00  1.33295233e-01  4.48438710e-04
  2.71063435e-01  5.07740009e-01  1.43287727e-01 -1.14699919e-01]",185
[0. 0. 0. 0. 0. 0. 0. 0. 0. 0. 0. 0. 0. 0. 0. 0. 0. 0. 0. 0. 0. 0. 0. 0.],"[ 6.67350252e-01  3.69162206e-01  2.48047123e-01 -7.80851933e-01
  9.64319169e-02  9.64034216e-01  1.48069717e+00  1.96431951e-03
  6.26219586e-01  1.21999043e+00  4.38995446e-01  3.60659146e-01
  2.10214394e-01  7.94145641e-01  1.55671723e+00  3.16650460e-01
 -3.13712322e-01 -1.54813038e+00  1.34784855e-01 -1.04118348e-03
  2.72553058e-01  5.09229632e-01  1.41798105e-01 -1.13210296e-01]",186
[0. 0. 0. 0. 0. 0. 0. 0. 0. 0. 0. 0. 0. 0. 0. 0. 0. 0. 0. 0. 0. 0. 0. 0.],"[ 0.64993017  0.35174212  0.26546721 -0.79827202  0.07901183  0.9814543
  1.46327709 -0.01545576  0.64363967  1.23741052  0.45641553  0.37807923
  0.19279431  0.77672556  1.57413731  0.33407054 -0.29629224 -1.56555047
  0.15220494 -0.01846127  0.28997314  0.49180955  0.15921819 -0.13063038]",187
[0. 0. 0. 0. 0. 0. 0. 0. 0. 0. 0. 0. 0. 0. 0. 0. 0. 0. 0. 0. 0. 0. 0. 0.],"[ 0.65190782  0.34976447  0.26348956 -0.79629437  0.08098948  0.97947665
  1.46525474 -0.01743341  0.64166202  1.23938817  0.45839318  0.38005688
  0.19081666  0.77870321  1.57611496  0.33209289 -0.29826989 -1.56752812
  0.15418259 -0.02043892  0.29195079  0.4937872   0.16119584 -0.12865273]",188
[0. 0. 0. 0. 0. 0. 0. 0. 0. 0. 0. 0. 0. 0. 0. 0. 0. 0. 0. 0. 0. 0. 0. 0.],"[ 0.66884019  0.36669684  0.24655719 -0.779362    0.09792185  0.99640902
  1.48218711 -0.03436578  0.62472965  1.25632053  0.47532555  0.36312451
  0.17388429  0.76177084  1.55918259  0.34902526 -0.31520226 -1.58446049
  0.17111496 -0.03737129  0.30888316  0.47685483  0.14426347 -0.1455851 ]",189
[0. 0. 0. 0. 0. 0. 0. 0. 0. 0. 0. 0. 0. 0. 0. 0. 0. 0. 0. 0. 0. 0. 0. 0.],"[ 0.6726403   0.36289673  0.2503573  -0.78316211  0.09412174  0.9926089
  1.47838699 -0.0381659   0.62852976  1.25252042  0.47912566  0.36692463
  0.17008418  0.75797072  1.56298271  0.35282538 -0.31900237 -1.58066037
  0.17491507 -0.0411714   0.30508304  0.48065495  0.14806358 -0.14178498]",190
[0. 0. 0. 0. 0. 0. 0. 0. 0. 0. 0. 0. 0. 0. 0. 0. 0. 0. 0. 0. 0. 0. 0. 0.],"[ 0.67343171  0.36210532  0.25114871 -0.78395352  0.09333033  0.9918175
  1.47759559 -0.0389573   0.62932117  1.25331182  0.47991707  0.36771603
  0.17087558  0.75876213  1.5621913   0.35203397 -0.31821097 -1.57986897
  0.17412367 -0.0419628   0.30429164  0.47986354  0.14885499 -0.14257639]",191
[0. 0. 0. 0. 0. 0. 0. 0. 0. 0. 0. 0. 0. 0. 0. 0. 0. 0. 0. 0. 0. 0. 0. 0.],"[ 0.68415311  0.37282673  0.2404273  -0.79467492  0.08260893  1.00253891
  1.46687418 -0.04967871  0.61859976  1.24259042  0.46919566  0.37843744
  0.16015417  0.76948354  1.55146989  0.34131256 -0.30748956 -1.59059038
  0.18484508 -0.0312414   0.31501305  0.49058495  0.13813358 -0.15329779]",192
[0. 0. 0. 0. 0. 0. 0. 0. 0. 0. 0. 0. 0. 0. 0. 0. 0. 0. 0. 0. 0. 0. 0. 0.],"[ 0.68256028  0.37123389  0.23883446 -0.79626776  0.08420177  1.00413175
  1.46846702 -0.04808587  0.6201926   1.24418325  0.46760282  0.38003028
  0.15856133  0.7678907   1.54987706  0.3429054  -0.3090824  -1.59218321
  0.18325224 -0.02964856  0.31660589  0.49217779  0.13654074 -0.15170495]",193
[0. 0. 0. 0. 0. 0. 0. 0. 0. 0. 0. 0. 0. 0. 0. 0. 0. 0. 0. 0. 0. 0. 0. 0.],"[ 0.67810088  0.3667745   0.23437507 -0.79180837  0.08866116  1.00859114
  1.47292641 -0.05254526  0.62465199  1.24864265  0.47206221  0.37557088
  0.16302073  0.77235009  1.55433645  0.33844601 -0.31354179 -1.58772382
  0.17879284 -0.03410795  0.32106528  0.49663718  0.14100013 -0.15616435]",194
[0. 0. 0. 0. 0. 0. 0. 0. 0. 0. 0. 0. 0. 0. 0. 0. 0. 0. 0. 0. 0. 0. 0. 0.],"[ 0.6936188   0.38229241  0.24989298 -0.77629046  0.07314324  1.02410905
  1.4574085  -0.06806318  0.64016991  1.26416056  0.4565443   0.3910888
  0.14750281  0.787868    1.53881853  0.3229281  -0.32905971 -1.57220591
  0.16327493 -0.01859004  0.30554737  0.48111927  0.12548222 -0.14064643]",195
[0. 0. 0. 0. 0. 0. 0. 0. 0. 0. 0. 0. 0. 0. 0. 0. 0. 0. 0. 0. 0. 0. 0. 0.],"[ 0.68891656  0.37759018  0.24519075 -0.77158822  0.06844101  1.02881129
  1.45270626 -0.07276541  0.64487214  1.25945833  0.46124653  0.39579103
  0.15220505  0.79257024  1.5341163   0.31822586 -0.32435747 -1.57690814
  0.1585727  -0.0138878   0.3102496   0.4858215   0.12077998 -0.14534867]",196
[0. 0. 0. 0. 0. 0. 0. 0. 0. 0. 0. 0. 0. 0. 0. 0. 0. 0. 0. 0. 0. 0. 0. 0.],"[ 0.68359571  0.38291103  0.2398699  -0.76626737  0.06312016  1.03413214
  1.45802711 -0.06744456  0.65019299  1.26477918  0.45592568  0.39047018
  0.1575259   0.79789109  1.52879545  0.32354671 -0.31903662 -1.58222899
  0.16389355 -0.01920865  0.30492875  0.49114235  0.12610083 -0.15066952]",197
[0. 0. 0. 0. 0. 0. 0. 0. 0. 0. 0. 0. 0. 0. 0. 0. 0. 0. 0. 0. 0. 0. 0. 0.],"[ 0.69480022  0.39411553  0.2510744  -0.75506286  0.07432466  1.04533664
  1.44682261 -0.07864907  0.6613975   1.25357467  0.44472118  0.40167469
  0.14632139  0.78668658  1.53999995  0.33475122 -0.33024113 -1.57102449
  0.15268904 -0.00800414  0.29372424  0.47993785  0.11489633 -0.13946501]",198
[0. 0. 0. 0. 0. 0. 0. 0. 0. 0. 0. 0. 0. 0. 0. 0. 0. 0. 0. 0. 0. 0. 0. 0.],"[ 0.69684133  0.39207442  0.25311551 -0.75302175  0.07636578  1.04737776
  1.44478149 -0.07660795  0.65935638  1.25561578  0.44268006  0.4037158
  0.14836251  0.7887277   1.54204107  0.33679233 -0.32820001 -1.56898337
  0.15473015 -0.00596303  0.29576536  0.47789673  0.11693744 -0.1374239 ]",199
[0. 0. 0. 0. 0. 0. 0. 0. 0. 0. 0. 0. 0. 0. 0. 0. 0. 0. 0. 0. 0. 0. 0. 0.],"[ 6.90420541e-01  3.98495211e-01  2.46694724e-01 -7.46600960e-01
  8.27865683e-02  1.05379855e+00  1.43836070e+00 -8.30287437e-02
  6.65777174e-01  1.24919499e+00  4.49100854e-01  3.97295012e-01
  1.41941715e-01  7.82306907e-01  1.53562028e+00  3.43213122e-01
 -3.21779223e-01 -1.56256258e+00  1.48309363e-01  4.57759942e-04
  3.02186149e-01  4.71475942e-01  1.10516651e-01 -1.31003108e-01]",200
