[0. 0. 0. 0. 0. 0. 0. 0. 0. 0. 0. 0.],"[ 0.18722338  0.29766952  0.32366745  0.96011731  0.51057155  0.45751374
  0.9324602  -0.01628324 -0.19168561  0.67402085  0.47392427 -0.01015961]",1
[0. 0. 0. 0. 0. 0. 0. 0. 0. 0. 0. 0.],"[ 0.25029923  0.36074537  0.2605916   1.02319317  0.44749569  0.39443789
  0.86938434 -0.0793591  -0.12860976  0.73709671  0.53700012 -0.07323547]",2
[0. 0. 0. 0. 0. 0. 0. 0. 0. 0. 0. 0.],"[ 0.4899794   0.12106521  0.02091143  1.26287333  0.68717586  0.15475772
  1.10906451 -0.31903926 -0.36828992  0.97677687  0.29731996 -0.31291563]",3
[0. 0. 0. 0. 0. 0. 0. 0. 0. 0. 0. 0.],"[ 0.01071526  0.60032934 -0.4583527   0.7836092   1.16643999 -0.32450641
  0.62980037 -0.79830339 -0.84755405  0.49751274 -0.18194417  0.1663485 ]",4
[0. 0. 0. 0. 0. 0. 0. 0. 0. 0. 0. 0.],"[ 0.18789805  0.77751213 -0.63553549  0.96079199  1.34362278 -0.5016892
  0.45261759 -0.97548618 -0.67037126  0.32032995 -0.00476138  0.34353129]",5
[0. 0. 0. 0. 0. 0. 0. 0. 0. 0. 0. 0.],"[ 0.38648645  0.57892373 -0.43694709  1.15938039  1.14503438 -0.3031008
  0.65120598 -1.17407458 -0.47178287  0.51891835  0.19382701  0.14494289]",6
[0. 0. 0. 0. 0. 0. 0. 0. 0. 0. 0. 0.],"[ 0.69726163  0.26814856 -0.12617191  0.84860521  0.8342592   0.00767438
  0.3404308  -1.48484976 -0.16100769  0.82969352  0.50460219 -0.16583229]",7
[0. 0. 0. 0. 0. 0. 0. 0. 0. 0. 0. 0.],"[-0.13106347  1.09647366  0.70215319  0.02028011  1.6625843  -0.82065072
  1.1687559  -2.31317486 -0.98933279  1.65801862  1.33292729 -0.99415739]",8
[0. 0. 0. 0. 0. 0. 0. 0. 0. 0. 0. 0.],"[ 0.2498644   1.47740153  1.08308106  0.40120798  1.28165643 -0.43972285
  0.78782803 -2.69410273 -1.37026066  2.0389465   1.71385517 -1.37508526]",9
[0. 0. 0. 0. 0. 0. 0. 0. 0. 0. 0. 0.],"[-0.43150146  2.15876739  0.4017152   1.08257385  0.60029056  0.24164302
  1.46919389 -2.01273687 -2.05162653  2.72031236  2.39522103 -0.6937194 ]",10
[0. 0. 0. 0. 0. 0. 0. 0. 0. 0. 0. 0.],"[-1.06778789  1.52248096  1.03800163  0.44628742  1.23657699  0.87792944
  2.10548032 -2.6490233  -1.4153401   3.35659879  1.7589346  -1.33000583]",11
[0. 0. 0. 0. 0. 0. 0. 0. 0. 0. 0. 0.],"[-1.45878019  1.13148866  0.64700933  0.83727972  0.84558469  1.26892175
  1.71448802 -2.258031   -1.8063324   3.74759109  1.3679423  -1.72099813]",12
[0. 0. 0. 0. 0. 0. 0. 0. 0. 0. 0. 0.],"[-1.42835927  1.16190958  0.67743025  0.8068588   0.81516377  1.29934267
  1.74490894 -2.22761008 -1.77591148  3.71717017  1.33752138 -1.75141905]",13
[0. 0. 0. 0. 0. 0. 0. 0. 0. 0. 0. 0.],"[-0.94762822  0.68117853  0.1966992   1.28758985  0.33443272  1.78007372
  2.22563999 -1.74687903 -2.25664253  3.23643913  0.85679033 -2.2321501 ]",14
[0. 0. 0. 0. 0. 0. 0. 0. 0. 0. 0. 0.],"[-1.46436643  1.19791674  0.71343741  0.77085164 -0.18230549  2.29681192
  1.70890178 -1.23014082 -2.77338074  2.71970092  1.37352854 -1.71541189]",15
[0. 0. 0. 0. 0. 0. 0. 0. 0. 0. 0. 0.],"[-1.16156871  1.50071446  1.01623513  1.07364936  0.12049224  1.9940142
  2.0116995  -0.9273431  -3.07617846  3.02249864  1.07073082 -1.41261417]",16
[0. 0. 0. 0. 0. 0. 0. 0. 0. 0. 0. 0.],"[-1.53763745  1.8767832   0.64016638  0.69758062 -0.25557651  2.37008295
  2.38776824 -0.55127436 -2.70010971  3.39856738  0.69466207 -1.78868292]",17
[0. 0. 0. 0. 0. 0. 0. 0. 0. 0. 0. 0.],"[-1.80975845  2.1489042   0.36804539  0.96970161 -0.5276975   2.09796195
  2.65988924 -0.82339535 -2.97223071  3.12644639  0.42254108 -2.06080391]",18
[0. 0. 0. 0. 0. 0. 0. 0. 0. 0. 0. 0.],"[-0.48414839  0.82329414  1.69365545 -0.35590845  0.79791256  0.77235189
  3.9854993  -2.14900541 -4.29784077  4.45205645 -0.90306898 -3.38641397]",19
[0. 0. 0. 0. 0. 0. 0. 0. 0. 0. 0. 0.],"[-0.14884772  1.15859481  2.02895612 -0.69120911  1.13321322  1.10765256
  3.65019863 -2.48430608 -3.9625401   4.11675578 -1.23836965 -3.72171464]",20
[0. 0. 0. 0. 0. 0. 0. 0. 0. 0. 0. 0.],"[-0.62010872  1.62985581  2.50021712 -0.21994811  0.66195222  1.57891356
  4.12145963 -2.95556708 -4.4338011   3.64549478 -0.76710865 -3.25045364]",21
[0. 0. 0. 0. 0. 0. 0. 0. 0. 0. 0. 0.],"[-0.95769581  1.9674429   2.83780421 -0.5575352   0.99953931  1.24132647
  4.45904672 -2.61797999 -4.77138819  3.98308187 -0.42952156 -2.91286655]",22
[0. 0. 0. 0. 0. 0. 0. 0. 0. 0. 0. 0.],"[-0.31842426  1.32817135  3.47707576  0.08173635  1.63881086  1.88059802
  5.09831827 -3.25725154 -4.13211664  3.34381032 -1.06879311 -2.273595  ]",23
[0. 0. 0. 0. 0. 0. 0. 0. 0. 0. 0. 0.],"[-0.03269448  1.61390113  3.19134598 -0.20399344  1.92454065  1.59486824
  5.38404805 -3.54298132 -4.41784642  3.6295401  -0.78306333 -1.98786522]",24
[0. 0. 0. 0. 0. 0. 0. 0. 0. 0. 0. 0.],"[-0.08913676  1.55745885  3.1349037  -0.26043571  1.98098292  1.65131051
  5.32760578 -3.48653904 -4.4742887   3.68598238 -0.83950561 -2.0443075 ]",25
[0. 0. 0. 0. 0. 0. 0. 0. 0. 0. 0. 0.],"[-0.30519767  1.34139794  3.35096461 -0.0443748   1.76492201  1.4352496
  5.11154486 -3.70259996 -4.69034962  3.90204329 -0.62344469 -2.26036841]",26
[0. 0. 0. 0. 0. 0. 0. 0. 0. 0. 0. 0.],"[-0.2770498   1.31325006  3.32281674 -0.07252268  1.79306989  1.46339748
  5.08339699 -3.73074783 -4.71849749  3.87389542 -0.59529682 -2.28851629]",27
[0. 0. 0. 0. 0. 0. 0. 0. 0. 0. 0. 0.],"[-1.99550915e-01  1.23575118e+00  3.24531786e+00  4.97620323e-03
  1.87056877e+00  1.54089636e+00  5.16089587e+00 -3.80824671e+00
 -4.64099861e+00  3.95139430e+00 -5.17797937e-01 -2.21101741e+00]",28
[0. 0. 0. 0. 0. 0. 0. 0. 0. 0. 0. 0.],"[-0.19011387  1.24518823  3.2547549   0.01441325  1.86113172  1.5503334
  5.15145882 -3.81768376 -4.63156157  3.96083134 -0.52723498 -2.22045445]",29
[0. 0. 0. 0. 0. 0. 0. 0. 0. 0. 0. 0.],"[-0.11982404  1.31547805  3.32504473  0.08470307  1.93142155  1.62062323
  5.22174865 -3.74739393 -4.7018514   3.89054151 -0.59752481 -2.29074428]",30
[0. 0. 0. 0. 0. 0. 0. 0. 0. 0. 0. 0.],"[-0.09627616  1.33902594  3.34859261  0.10825096  1.95496943  1.59707535
  5.19820077 -3.77094181 -4.67830351  3.91408939 -0.57397692 -2.31429216]",31
[0. 0. 0. 0. 0. 0. 0. 0. 0. 0. 0. 0.],"[ 0.06483207  1.1779177   3.50970084 -0.05285728  2.11607767  1.43596711
  5.03709253 -3.93205005 -4.51719528  3.75298116 -0.73508516 -2.15318392]",32
[0. 0. 0. 0. 0. 0. 0. 0. 0. 0. 0. 0.],"[ 0.42989304  0.81285673  3.14463988 -0.41791825  2.48113864  1.07090614
  5.4021535  -4.29711101 -4.15213431  4.11804213 -0.37002419 -2.51824489]",33
[0. 0. 0. 0. 0. 0. 0. 0. 0. 0. 0. 0.],"[ 6.55241678e-02  1.17722561e+00  3.50900875e+00 -7.82287119e-01
  2.11676976e+00  1.43527502e+00  5.76652237e+00 -4.66147989e+00
 -3.78776544e+00  4.48241100e+00 -5.65532011e-03 -2.88261376e+00]",34
[0. 0. 0. 0. 0. 0. 0. 0. 0. 0. 0. 0.],"[-0.7002213   0.41148013  2.74326328 -0.01654165  2.88251523  2.20102049
  5.0007769  -3.89573442 -4.55351091  3.71666553 -0.77140079 -2.11686829]",35
[0. 0. 0. 0. 0. 0. 0. 0. 0. 0. 0. 0.],"[-1.08185124  0.79311007  3.12489321 -0.39817158  2.5008853   1.81939056
  4.61914697 -4.27736435 -4.93514084  4.09829546 -1.15303072 -1.73523836]",36
[0. 0. 0. 0. 0. 0. 0. 0. 0. 0. 0. 0.],"[ 0.11803219  1.99299349  4.32477663 -1.598055    3.70076872  0.61950714
  3.41926355 -3.07748093 -3.73525742  2.89841204 -2.35291415 -2.93512178]",37
[0. 0. 0. 0. 0. 0. 0. 0. 0. 0. 0. 0.],"[ 0.34935216  1.76167351  4.09345666 -1.82937497  3.9320887   0.38818716
  3.65058352 -2.84616095 -3.50393745  3.12973201 -2.58423412 -2.70380181]",38
[0. 0. 0. 0. 0. 0. 0. 0. 0. 0. 0. 0.],"[ 0.20085751  1.91016816  3.94496201 -1.68088033  3.78359405  0.53668181
  3.79907817 -2.69766631 -3.65243209  3.27822666 -2.43573947 -2.85229645]",39
[0. 0. 0. 0. 0. 0. 0. 0. 0. 0. 0. 0.],"[ 0.09818712  1.80749776  3.84229161 -1.57820993  3.88626445  0.43401141
  3.90174856 -2.8003367  -3.5497617   3.38089705 -2.53840987 -2.74962606]",40
[0. 0. 0. 0. 0. 0. 0. 0. 0. 0. 0. 0.],"[ 0.14384887  1.85315952  3.88795337 -1.53254817  3.84060269  0.38834965
  3.85608681 -2.75467495 -3.59542345  3.3352353  -2.49274811 -2.7039643 ]",41
[0. 0. 0. 0. 0. 0. 0. 0. 0. 0. 0. 0.],"[ 0.10805491  1.88895348  3.92374733 -1.56834214  3.80480873  0.35255569
  3.89188077 -2.79046891 -3.55962949  3.29944133 -2.45695415 -2.66817034]",42
[0. 0. 0. 0. 0. 0. 0. 0. 0. 0. 0. 0.],"[-0.10829252  1.67260606  4.14009476 -1.35199471  3.5884613   0.13620827
  4.1082282  -3.00681633 -3.77597692  3.51578876 -2.24060672 -2.88451777]",43
[0. 0. 0. 0. 0. 0. 0. 0. 0. 0. 0. 0.],"[-0.19849493  1.58240364  4.04989234 -1.44219712  3.49825889  0.04600585
  4.19843061 -2.91661392 -3.6857745   3.42558635 -2.33080914 -2.97472018]",44
[0. 0. 0. 0. 0. 0. 0. 0. 0. 0. 0. 0.],"[-0.36697912  1.75088783  4.21837653 -1.61068132  3.3297747   0.21449004
  4.02994642 -2.74812973 -3.85425869  3.25710215 -2.49929333 -3.14320437]",45
[0. 0. 0. 0. 0. 0. 0. 0. 0. 0. 0. 0.],"[-0.19311139  1.5770201   4.39224427 -1.78454905  3.50364243  0.38835778
  3.85607869 -2.92199746 -4.02812643  3.43096989 -2.3254256  -2.96933664]",46
[0. 0. 0. 0. 0. 0. 0. 0. 0. 0. 0. 0.],"[-0.45997015  1.84387886  4.65910303 -1.51769029  3.23678367  0.12149902
  4.12293744 -2.6551387  -3.76126767  3.16411113 -2.59228436 -3.2361954 ]",47
[0. 0. 0. 0. 0. 0. 0. 0. 0. 0. 0. 0.],"[-0.37907014  1.76297885  4.74000303 -1.43679029  3.15588367  0.04059901
  4.04203744 -2.73603871 -3.84216767  3.24501113 -2.51138435 -3.3170954 ]",48
[0. 0. 0. 0. 0. 0. 0. 0. 0. 0. 0. 0.],"[-0.25130156  1.89074743  4.61223445 -1.56455887  3.28365225  0.16836759
  3.91426886 -2.86380729 -3.71439909  3.11724255 -2.63915293 -3.44486398]",49
[0. 0. 0. 0. 0. 0. 0. 0. 0. 0. 0. 0.],"[-0.42465712  1.71739187  4.43887889 -1.73791443  3.45700781  0.34172315
  3.7409133  -2.69045173 -3.88775465  3.29059811 -2.81250849 -3.61821954]",50
[0. 0. 0. 0. 0. 0. 0. 0. 0. 0. 0. 0.],"[-0.25696097  1.54969573  4.27118275 -1.90561057  3.62470395  0.17402701
  3.57321716 -2.52275558 -3.7200585   3.45829426 -2.98020464 -3.78591568]",51
[0. 0. 0. 0. 0. 0. 0. 0. 0. 0. 0. 0.],"[-0.26866637  1.56140113  4.28288814 -1.91731597  3.61299856  0.1857324
  3.58492255 -2.53446098 -3.70835311  3.46999965 -2.99191003 -3.79762108]",52
[0. 0. 0. 0. 0. 0. 0. 0. 0. 0. 0. 0.],"[-0.28943642  1.58217118  4.3036582  -1.93808602  3.59222851  0.20650246
  3.6056926  -2.55523103 -3.68758306  3.4907697  -3.01268009 -3.81839113]",53
[0. 0. 0. 0. 0. 0. 0. 0. 0. 0. 0. 0.],"[-0.26219206  1.60941554  4.27641383 -1.91084165  3.56498414  0.23374682
  3.63293697 -2.5824754  -3.66033869  3.46352534 -3.03992445 -3.79114677]",54
[0. 0. 0. 0. 0. 0. 0. 0. 0. 0. 0. 0.],"[-0.22535788  1.64624972  4.23957965 -1.94767583  3.52814996  0.270581
  3.59610279 -2.61930958 -3.62350451  3.50035952 -3.00309027 -3.82798094]",55
[0. 0. 0. 0. 0. 0. 0. 0. 0. 0. 0. 0.],"[-0.00572195  1.4266138   4.01994372 -2.16731176  3.74778589  0.49021693
  3.81573872 -2.8389455  -3.84314044  3.71999544 -3.2227262  -3.60834502]",56
[0. 0. 0. 0. 0. 0. 0. 0. 0. 0. 0. 0.],"[-0.27503541  1.15730034  3.75063027 -1.8979983   3.47847243  0.22090347
  4.08505218 -2.56963205 -4.11245389  3.9893089  -2.95341274 -3.87765847]",57
[0. 0. 0. 0. 0. 0. 0. 0. 0. 0. 0. 0.],"[ 0.15679659  1.58913234  4.18246226 -1.4661663   3.91030443  0.65273547
  3.65322018 -2.13780005 -4.54428589  4.4211409  -2.52158075 -3.44582648]",58
[0. 0. 0. 0. 0. 0. 0. 0. 0. 0. 0. 0.],"[-0.08270497  1.34963078  3.9429607  -1.22666474  4.14980599  0.41323391
  3.89272174 -1.89829849 -4.30478433  4.18163934 -2.76108231 -3.68532804]",59
[0. 0. 0. 0. 0. 0. 0. 0. 0. 0. 0. 0.],"[-0.35550818  1.62243399  4.21576392 -1.49946795  4.4226092   0.68603712
  3.61991853 -2.1711017  -4.03198112  4.45444255 -2.48827909 -3.95813125]",60
[0. 0. 0. 0. 0. 0. 0. 0. 0. 0. 0. 0.],"[-0.35893757  1.6190046   4.21233453 -1.49603857  4.41917981  0.68946651
  3.61648914 -2.16767231 -4.02855173  4.45787194 -2.4848497  -3.95470186]",61
[0. 0. 0. 0. 0. 0. 0. 0. 0. 0. 0. 0.],"[-0.37972066  1.63978769  4.19155144 -1.47525547  4.4399629   0.66868342
  3.63727223 -2.14688922 -4.04933482  4.43708885 -2.5056328  -3.97548495]",62
[0. 0. 0. 0. 0. 0. 0. 0. 0. 0. 0. 0.],"[-0.49028797  1.52922038  4.30211874 -1.36468817  4.32939559  0.77925073
  3.52670492 -2.25745653 -4.15990213  4.32652154 -2.39506549 -3.86491764]",63
[0. 0. 0. 0. 0. 0. 0. 0. 0. 0. 0. 0.],"[-0.43083653  1.58867182  4.24266731 -1.4241396   4.26994415  0.71979929
  3.46725348 -2.31690797 -4.10045069  4.38597298 -2.45451692 -3.8054662 ]",64
[0. 0. 0. 0. 0. 0. 0. 0. 0. 0. 0. 0.],"[-0.42754048  1.58537577  4.24596336 -1.42743566  4.27324021  0.72309535
  3.46395743 -2.31361191 -4.09715464  4.38926903 -2.45781298 -3.80876226]",65
[0. 0. 0. 0. 0. 0. 0. 0. 0. 0. 0. 0.],"[-0.21365712  1.37149241  4.03208    -1.64131901  4.48712356  0.50921199
  3.25007407 -2.09972856 -4.31103799  4.60315239 -2.24392962 -4.02264561]",66
[0. 0. 0. 0. 0. 0. 0. 0. 0. 0. 0. 0.],"[ 0.10044803  1.68559756  4.34618515 -1.32721387  4.17301842  0.19510684
  3.56417922 -2.4138337  -3.99693285  4.28904724 -1.92982447 -3.70854046]",67
[0. 0. 0. 0. 0. 0. 0. 0. 0. 0. 0. 0.],"[-0.17020805  1.41494148  4.61684123 -1.05655779  4.44367449  0.46576292
  3.29352314 -2.68448978 -4.26758892  4.55970332 -2.20048055 -3.43788439]",68
[0. 0. 0. 0. 0. 0. 0. 0. 0. 0. 0. 0.],"[-0.07907649  1.32380991  4.70797279 -1.14768935  4.35254293  0.37463136
  3.3846547  -2.77562135 -4.17645736  4.46857175 -2.29161212 -3.34675282]",69
[0. 0. 0. 0. 0. 0. 0. 0. 0. 0. 0. 0.],"[-0.11728491  1.36201834  4.66976437 -1.18589778  4.31433451  0.41283978
  3.34644628 -2.73741292 -4.21466579  4.50678018 -2.25340369 -3.38496125]",70
[0. 0. 0. 0. 0. 0. 0. 0. 0. 0. 0. 0.],"[-0.29827215  1.1810311   4.48877713 -1.00491054  4.49532174  0.23185254
  3.52743352 -2.55642568 -4.39565302  4.32579294 -2.07241645 -3.56594849]",71
[0. 0. 0. 0. 0. 0. 0. 0. 0. 0. 0. 0.],"[-0.52121398  1.40397293  4.71171896 -1.22785237  4.71826357  0.00891071
  3.30449169 -2.33348385 -4.17271119  4.54873477 -1.84947462 -3.34300665]",72
[0. 0. 0. 0. 0. 0. 0. 0. 0. 0. 0. 0.],"[-0.63274556  1.29244136  4.60018739 -1.1163208   4.82979515  0.12044228
  3.19296011 -2.44501542 -4.06117962  4.66026634 -1.73794305 -3.45453823]",73
[0. 0. 0. 0. 0. 0. 0. 0. 0. 0. 0. 0.],"[-0.52914317  1.39604375  4.496585   -1.21992318  4.72619276  0.22404467
  3.2965625  -2.54861781 -4.16478201  4.55666396 -1.84154544 -3.55814061]",74
[0. 0. 0. 0. 0. 0. 0. 0. 0. 0. 0. 0.],"[-0.73528769  1.60218827  4.70272952 -1.01377866  4.93233728  0.43018919
  3.09041798 -2.34247329 -3.95863749  4.35051943 -2.04768996 -3.35199609]",75
[0. 0. 0. 0. 0. 0. 0. 0. 0. 0. 0. 0.],"[-0.83422245  1.50325351  4.60379476 -1.11271342  5.03127205  0.33125443
  2.99148321 -2.44140805 -3.85970272  4.44945419 -2.14662472 -3.25306133]",76
[0. 0. 0. 0. 0. 0. 0. 0. 0. 0. 0. 0.],"[-0.76814364  1.4371747   4.66987357 -1.17879223  4.96519323  0.39733324
  2.9254044  -2.37532924 -3.92578153  4.38337538 -2.08054591 -3.31914014]",77
[0. 0. 0. 0. 0. 0. 0. 0. 0. 0. 0. 0.],"[-0.70820795  1.49711038  4.60993788 -1.23872792  4.90525755  0.45726893
  2.98534009 -2.43526493 -3.86584585  4.3234397  -2.1404816  -3.37907583]",78
[0. 0. 0. 0. 0. 0. 0. 0. 0. 0. 0. 0.],"[-0.47734651  1.26624894  4.84079933 -1.00786648  5.13611899  0.68813038
  3.21620154 -2.20440348 -4.09670729  4.09257825 -1.90962016 -3.60993727]",79
[0. 0. 0. 0. 0. 0. 0. 0. 0. 0. 0. 0.],"[-0.80480387  0.93879158  5.16825669 -0.68040912  5.46357635  1.01558774
  2.88874417 -2.53186085 -3.76924993  3.76512089 -1.58216279 -3.28247991]",80
[0. 0. 0. 0. 0. 0. 0. 0. 0. 0. 0. 0.],"[-0.59248088  0.72646859  4.9559337  -0.46808612  5.67589934  0.80326474
  3.10106717 -2.74418384 -3.55692693  3.5527979  -1.79448579 -3.07015692]",81
[0. 0. 0. 0. 0. 0. 0. 0. 0. 0. 0. 0.],"[ 0.11372057  1.43267003  5.66213514  0.23811532  6.38210079  1.50946619
  3.80726861 -2.03798239 -2.85072549  2.84659645 -1.08828434 -3.77635836]",82
[0. 0. 0. 0. 0. 0. 0. 0. 0. 0. 0. 0.],"[-0.04266579  1.58905639  5.8185215   0.39450168  6.53848715  1.35307983
  3.96365497 -1.88159604 -3.00711184  3.00298281 -1.2446707  -3.61997201]",83
[0. 0. 0. 0. 0. 0. 0. 0. 0. 0. 0. 0.],"[-0.32683593  1.30488625  5.53435136  0.11033154  6.25431701  1.06890969
  4.24782511 -1.5974259  -2.7229417   3.28715295 -1.52884084 -3.90414215]",84
[0. 0. 0. 0. 0. 0. 0. 0. 0. 0. 0. 0.],"[-0.64119999  1.61925031  5.2199873   0.4246956   5.93995295  1.38327375
  3.93346105 -1.28306184 -3.03730576  2.97278889 -1.8432049  -3.58977809]",85
[0. 0. 0. 0. 0. 0. 0. 0. 0. 0. 0. 0.],"[-1.04401266  2.02206297  4.81717463  0.02188293  6.34276561  1.78608642
  3.53064838 -0.88024917 -2.6344931   3.37560155 -1.44039223 -3.99259075]",86
[0. 0. 0. 0. 0. 0. 0. 0. 0. 0. 0. 0.],"[-0.89009709  2.17597854  4.9710902  -0.13203264  6.49668118  1.94000199
  3.37673281 -1.03416474 -2.48057753  3.52951712 -1.5943078  -3.83867519]",87
[0. 0. 0. 0. 0. 0. 0. 0. 0. 0. 0. 0.],"[ 0.43716258  0.84871887  3.64383053 -1.45929231  7.82394085  0.61274232
  2.04947314 -2.36142441 -3.8078372   2.20225745 -2.92156747 -5.16593486]",88
[0. 0. 0. 0. 0. 0. 0. 0. 0. 0. 0. 0.],"[-0.44997352  1.73585497  4.53096662 -0.57215621  8.71107695 -0.27439378
  1.16233705 -3.24856051 -2.9207011   3.08939355 -2.03443137 -4.27879876]",89
[0. 0. 0. 0. 0. 0. 0. 0. 0. 0. 0. 0.],"[-0.38224913  1.66813058  4.59869101 -0.50443182  8.64335256 -0.20666939
  1.09461266 -3.31628489 -2.85297672  3.02166916 -1.96670698 -4.21107437]",90
[0. 0. 0. 0. 0. 0. 0. 0. 0. 0. 0. 0.],"[-0.33498213  1.71539759  4.55142401 -0.45716482  8.69061956 -0.15940239
  1.14187966 -3.36355189 -2.80570972  3.06893617 -2.01397399 -4.25834137]",91
[0. 0. 0. 0. 0. 0. 0. 0. 0. 0. 0. 0.],"[-0.23797118  1.61838663  4.45441305 -0.36015387  8.59360861 -0.25641335
  1.23889062 -3.26654094 -2.90272067  3.16594712 -2.11098494 -4.35535233]",92
[0. 0. 0. 0. 0. 0. 0. 0. 0. 0. 0. 0.],"[ 0.04605494  1.90241275  4.17038693 -0.64417999  8.30958249  0.02761277
  0.9548645  -3.55056706 -3.18674679  2.881921   -1.82695882 -4.07132621]",93
[0. 0. 0. 0. 0. 0. 0. 0. 0. 0. 0. 0.],"[-0.18795097  1.66840684  3.93638102 -0.41017408  8.07557658  0.26161868
  1.18887041 -3.78457297 -2.95274088  2.64791509 -2.06096473 -3.8373203 ]",94
[0. 0. 0. 0. 0. 0. 0. 0. 0. 0. 0. 0.],"[-0.14396155  1.62441742  3.8923916  -0.4541635   8.119566    0.3056081
  1.14488099 -3.74058355 -2.9967303   2.69190451 -2.10495415 -3.79333088]",95
[0. 0. 0. 0. 0. 0. 0. 0. 0. 0. 0. 0.],"[ 0.37192845  1.10852742  4.4082816   0.0617265   8.635456    0.8214981
  0.62899099 -3.22469355 -3.5126203   3.20779451 -1.58906415 -4.30922088]",96
[0. 0. 0. 0. 0. 0. 0. 0. 0. 0. 0. 0.],"[ 1.20230211  1.93890108  3.57790794 -0.76864715  9.46582965  1.65187176
  1.45936465 -4.05506721 -4.34299396  4.03816817 -0.7586905  -5.13959454]",97
[0. 0. 0. 0. 0. 0. 0. 0. 0. 0. 0. 0.],"[ 1.07707335  2.06412984  3.70313671 -0.89387592  9.59105842  1.526643
  1.33413589 -4.18029597 -4.21776519  3.9129394  -0.88391926 -5.2648233 ]",98
[0. 0. 0. 0. 0. 0. 0. 0. 0. 0. 0. 0.],"[ 1.16512562  1.97607756  3.79118898 -0.98192819  9.67911069  1.43859072
  1.42218816 -4.26834825 -4.12971292  3.82488713 -0.97197154 -5.17677102]",99
[0. 0. 0. 0. 0. 0. 0. 0. 0. 0. 0. 0.],"[ 0.359509    1.17046094  2.98557236 -0.17631157 10.48472732  0.63297409
  0.61657154 -5.07396487 -3.32409629  4.63050375 -0.16635491 -4.37115439]",100
[0. 0. 0. 0. 0. 0. 0. 0. 0. 0. 0. 0.],"[-0.51608333  0.2948686   2.10998003  0.69928076  9.60913499  1.50856643
  1.49216387 -5.9495572  -4.19968862  5.50609609  0.70923742 -5.24674673]",101
[0. 0. 0. 0. 0. 0. 0. 0. 0. 0. 0. 0.],"[-1.54942129 -0.73846936  1.07664206 -0.3340572   8.57579703  0.47522846
  0.45882591 -4.91621924 -3.16635066  4.47275812  1.74257538 -4.21340877]",102
[0. 0. 0. 0. 0. 0. 0. 0. 0. 0. 0. 0.],"[-2.03343924 -0.25445141  0.59262412 -0.81807514  9.05981497  0.95924641
  0.94284385 -4.4322013  -3.65036861  4.95677607  1.25855744 -4.69742671]",103
[0. 0. 0. 0. 0. 0. 0. 0. 0. 0. 0. 0.],"[-2.46402368  0.17613302  0.16203968 -0.38749071  9.49039941  0.52866198
  0.51225942 -4.86278573 -3.21978417  5.38736051  1.68914187 -4.26684228]",104
[0. 0. 0. 0. 0. 0. 0. 0. 0. 0. 0. 0.],"[-3.48740549  1.19951483  1.18542149  0.6358911  10.51378122  1.55204379
 -0.51112239 -3.83940392 -4.24316598  4.36397869  2.71252368 -3.24346047]",105
[0. 0. 0. 0. 0. 0. 0. 0. 0. 0. 0. 0.],"[-4.28893542  2.00104477  0.38389156 -0.16563883  9.71225129  2.35357372
  0.29040754 -3.03787399 -3.44163605  5.16550863  1.91099375 -4.0449904 ]",106
[0. 0. 0. 0. 0. 0. 0. 0. 0. 0. 0. 0.],"[-3.84397661  1.55608595  0.82885037  0.27931998 10.1572101   1.90861491
  0.73536635 -3.4828328  -3.88659486  4.72054982  2.35595256 -3.60003159]",107
[0. 0. 0. 0. 0. 0. 0. 0. 0. 0. 0. 0.],"[-4.2441009   1.95621025  1.22897467  0.67944428  9.7570858   2.3087392
  0.33524206 -3.8829571  -4.28671916  4.32042552  1.95582827 -4.00015588]",108
[0. 0. 0. 0. 0. 0. 0. 0. 0. 0. 0. 0.],"[-3.62069934  1.33280869  0.60557311  1.30284583  9.13368425  1.68533765
 -0.2881595  -4.50635865 -3.6633176   3.69702396  1.33242671 -3.37675433]",109
[0. 0. 0. 0. 0. 0. 0. 0. 0. 0. 0. 0.],"[-2.87736035  2.07614769  1.34891211  0.55950684  8.39034525  2.42867664
  0.4551795  -3.76301966 -2.9199786   4.44036296  2.07576571 -4.12009332]",110
[0. 0. 0. 0. 0. 0. 0. 0. 0. 0. 0. 0.],"[-2.78810219  1.98688953  1.25965395  0.47024868  8.30108709  2.5179348
  0.36592134 -3.85227782 -2.83072044  4.3511048   1.98650755 -4.20935148]",111
[0. 0. 0. 0. 0. 0. 0. 0. 0. 0. 0. 0.],"[-1.51848063  0.71726798 -0.00996761 -0.79937288  9.57070864  1.24831325
  1.63554289 -5.12189937 -4.100342    3.08148325  0.71688599 -2.93972993]",112
[0. 0. 0. 0. 0. 0. 0. 0. 0. 0. 0. 0.],"[-1.73585061  0.499898   -0.22733758 -0.5820029   9.78807862  1.03094327
  1.41817292 -4.90452939 -3.88297202  2.86411327  0.49951602 -3.15709991]",113
[0. 0. 0. 0. 0. 0. 0. 0. 0. 0. 0. 0.],"[-2.49797727  1.26202466 -0.98946425  0.18012376 10.55020528  1.79306994
  0.65604625 -5.66665606 -3.12084536  2.1019866   1.26164268 -2.39497324]",114
[0. 0. 0. 0. 0. 0. 0. 0. 0. 0. 0. 0.],"[-2.64414301  1.11585893 -0.84329852  0.03395803 10.40403955  1.64690421
  0.50988052 -5.81282179 -2.97467962  2.24815234  1.40780841 -2.54113897]",115
[0. 0. 0. 0. 0. 0. 0. 0. 0. 0. 0. 0.],"[-3.61837427  0.14162767 -1.81752978 -0.94027324  9.42980829  0.67267294
 -0.46435075 -4.83859052 -3.94891089  1.27392107  2.38203968 -3.51537024]",116
[0. 0. 0. 0. 0. 0. 0. 0. 0. 0. 0. 0.],"[-3.42603248 -0.05071413 -2.00987158 -0.74793144  9.23746649  0.86501474
 -0.65669255 -5.03093232 -4.14125269  1.08157927  2.57438148 -3.70771204]",117
[0. 0. 0. 0. 0. 0. 0. 0. 0. 0. 0. 0.],"[-2.56041646  0.81490188 -2.8754876  -1.61354746  8.37185047  1.73063075
 -1.52230856 -4.1653163  -3.27563667  1.94719529  3.43999749 -4.57332805]",118
[0. 0. 0. 0. 0. 0. 0. 0. 0. 0. 0. 0.],"[-3.20610643  0.16921191 -2.22979763 -0.96785748  7.7261605   2.37632072
 -0.87661859 -3.51962633 -3.92132664  2.59288526  4.08568747 -5.21901803]",119
[0. 0. 0. 0. 0. 0. 0. 0. 0. 0. 0. 0.],"[-2.8604776  -0.17641692 -2.57542646 -0.62222865  8.07178933  2.03069189
 -1.22224743 -3.86525517 -3.57569781  2.24725642  3.74005863 -5.56464686]",120
[0. 0. 0. 0. 0. 0. 0. 0. 0. 0. 0. 0.],"[-2.15711274  0.52694793 -1.87206161  0.08113621  8.77515419  2.73405674
 -1.92561228 -3.16189031 -4.27906266  1.54389157  3.03669378 -4.86128201]",121
[0. 0. 0. 0. 0. 0. 0. 0. 0. 0. 0. 0.],"[-2.70697889 -0.02291821 -1.32219546 -0.46872994  8.22528804  2.1841906
 -1.37574614 -2.61202417 -3.72919652  0.99402542  2.48682763 -4.31141586]",122
[0. 0. 0. 0. 0. 0. 0. 0. 0. 0. 0. 0.],"[-2.42786631  0.25619436 -1.04308288 -0.18961736  8.50440062  1.90507802
 -1.65485871 -2.89113674 -4.00830909  1.273138    2.7659402  -4.03230328]",123
[0. 0. 0. 0. 0. 0. 0. 0. 0. 0. 0. 0.],"[-3.20475343 -0.52069276 -1.81997001 -0.96650449  9.28128774  1.1281909
 -2.43174583 -3.66802386 -3.23142197  0.49625088  3.54282733 -4.80919041]",124
[0. 0. 0. 0. 0. 0. 0. 0. 0. 0. 0. 0.],"[-3.08164571 -0.39758503 -1.94307773 -0.84339676  9.15818001  1.25129863
 -2.3086381  -3.54491614 -3.3545297   0.37314315  3.4197196  -4.93229813]",125
[0. 0. 0. 0. 0. 0. 0. 0. 0. 0. 0. 0.],"[-2.29814855 -1.18108219 -2.72657489 -0.0598996   9.94167717  0.46780147
 -1.52514095 -4.32841329 -2.57103254  1.15664031  2.63622244 -4.14880098]",126
[0. 0. 0. 0. 0. 0. 0. 0. 0. 0. 0. 0.],"[-2.59259467 -0.88663607 -3.02102101 -0.35434572 10.23612329  0.76224759
 -1.81958707 -4.62285942 -2.27658642  1.45108643  2.93066856 -3.85435485]",127
[0. 0. 0. 0. 0. 0. 0. 0. 0. 0. 0. 0.],"[-2.64954194 -0.8296888  -2.96407374 -0.29739845 10.17917602  0.70530032
 -1.7626398  -4.56591214 -2.21963915  1.39413916  2.98761583 -3.79740758]",128
[0. 0. 0. 0. 0. 0. 0. 0. 0. 0. 0. 0.],"[-2.28332203 -0.46346889 -3.33029366  0.06882146 10.54539593  1.07152023
 -2.12885971 -4.93213206 -2.58585906  1.02791924  3.35383575 -3.43118767]",129
[0. 0. 0. 0. 0. 0. 0. 0. 0. 0. 0. 0.],"[-2.74501576 -0.92516262 -2.86859992  0.5305152  10.0837022   0.6098265
 -2.59055345 -4.47043832 -2.12416532  0.5662255   3.81552948 -3.89288141]",130
[0. 0. 0. 0. 0. 0. 0. 0. 0. 0. 0. 0.],"[-2.95954832 -1.13969518 -2.65406736  0.74504776  9.86916964  0.39529394
 -2.37602089 -4.68497087 -2.33869788  0.78075806  3.60099693 -4.10741396]",131
[0. 0. 0. 0. 0. 0. 0. 0. 0. 0. 0. 0.],"[-3.15677666 -0.94246683 -2.45683902  0.9422761  10.06639799  0.59252229
 -2.57324924 -4.88219922 -2.14146953  0.58352971  3.79822527 -4.30464231]",132
[0. 0. 0. 0. 0. 0. 0. 0. 0. 0. 0. 0.],"[-2.81713752 -0.60282769 -2.79647816  0.60263696  9.72675884  0.93216143
 -2.91288838 -4.54256007 -1.80183039  0.92316886  4.13786442 -4.64428145]",133
[0. 0. 0. 0. 0. 0. 0. 0. 0. 0. 0. 0.],"[-2.41961492 -1.00035029 -2.39895557  1.00015955 10.12428144  0.53463883
 -3.31041098 -4.14503748 -2.19935298  0.52564626  4.53538701 -4.24675885]",134
[0. 0. 0. 0. 0. 0. 0. 0. 0. 0. 0. 0.],"[-2.28794101 -1.1320242  -2.53062948  1.13183347  9.99260752  0.66631275
 -3.17873706 -4.27671139 -2.3310269   0.65732017  4.4037131  -4.11508494]",135
[0. 0. 0. 0. 0. 0. 0. 0. 0. 0. 0. 0.],"[-2.84642579 -1.69050898 -1.9721447   0.57334868  9.43412274  0.10782796
 -3.73722185 -3.71822661 -2.88951168  0.09883539  3.84522832 -4.67356972]",136
[0. 0. 0. 0. 0. 0. 0. 0. 0. 0. 0. 0.],"[-3.10158237 -1.94566556 -2.22730128  0.3181921   9.17896616  0.36298454
 -3.99237843 -3.46307003 -3.14466826  0.35399197  4.1003849  -4.41841314]",137
[0. 0. 0. 0. 0. 0. 0. 0. 0. 0. 0. 0.],"[-2.58148901 -1.4255722  -1.70720791  0.83828547  9.69905953  0.88307791
 -4.51247179 -3.98316339 -3.66476162  0.87408534  4.62047826 -3.89831978]",138
[0. 0. 0. 0. 0. 0. 0. 0. 0. 0. 0. 0.],"[-2.97565202 -1.03140919 -1.3130449   0.44412246  9.30489651  0.4889149
 -4.11830878 -4.3773264  -4.05892464  0.47992232  5.01464127 -3.50415677]",139
[0. 0. 0. 0. 0. 0. 0. 0. 0. 0. 0. 0.],"[-2.85248469 -1.15457652 -1.18987757  0.56728979  9.18172918  0.61208223
 -4.24147611 -4.25415907 -4.18209197  0.60308965  4.89147394 -3.6273241 ]",140
[0. 0. 0. 0. 0. 0. 0. 0. 0. 0. 0. 0.],"[-2.29820252 -0.60029435 -1.74415974  1.12157195  8.62744702  1.16636439
 -3.68719395 -3.69987691 -3.6278098   1.15737182  5.44575611 -4.18160626]",141
[0. 0. 0. 0. 0. 0. 0. 0. 0. 0. 0. 0.],"[-2.00085652 -0.89764036 -1.44681373  0.82422594  8.33010101  0.86901839
 -3.38984794 -3.99722292 -3.3304638   1.45471782  5.74310211 -4.47895227]",142
[0. 0. 0. 0. 0. 0. 0. 0. 0. 0. 0. 0.],"[-1.88476048 -0.78154432 -1.56290977  0.70812991  8.44619705  0.75292235
 -3.2737519  -4.11331895 -3.21436776  1.57081386  5.62700608 -4.36285623]",143
[0. 0. 0. 0. 0. 0. 0. 0. 0. 0. 0. 0.],"[-1.54668034 -1.11962446 -1.90098991  0.37004977  8.78427719  0.41484221
 -2.93567176 -4.45139909 -3.5524479   1.908894    5.28892594 -4.70093637]",144
[0. 0. 0. 0. 0. 0. 0. 0. 0. 0. 0. 0.],"[-2.55546078 -2.1284049  -0.89220947 -0.63873067  9.79305763  1.42362265
 -1.92689133 -5.46017953 -2.54366746  0.90011356  6.29770638 -5.70971681]",145
[0. 0. 0. 0. 0. 0. 0. 0. 0. 0. 0. 0.],"[-1.18006646 -0.75301058  0.48318486  0.73666365  8.4176633   0.04822833
 -0.551497   -4.08478521 -3.91906179  2.27550788  4.92231205 -7.08511114]",146
[0. 0. 0. 0. 0. 0. 0. 0. 0. 0. 0. 0.],"[-1.6514996  -1.22444372  0.01175171  0.26523051  7.94623016  0.51966147
 -0.08006386 -3.61335206 -3.44762864  2.74694103  4.45087891 -6.61367799]",147
[0. 0. 0. 0. 0. 0. 0. 0. 0. 0. 0. 0.],"[-1.22999948 -0.8029436  -0.4097484   0.68673063  8.36773028  0.94116159
  0.34143626 -4.03485218 -3.02612852  2.32544091  4.02937879 -6.19217787]",148
[0. 0. 0. 0. 0. 0. 0. 0. 0. 0. 0. 0.],"[-1.35292396 -0.92586808 -0.53267288  0.56380615  8.2448058   0.81823711
  0.46436074 -4.15777666 -3.149053    2.20251643  3.90645432 -6.0692534 ]",149
[0. 0. 0. 0. 0. 0. 0. 0. 0. 0. 0. 0.],"[-0.2807187  -1.99807334 -1.60487814 -0.50839911  9.31701107  1.89044237
 -0.60784452 -5.22998192 -4.22125826  3.27472169  4.97865958 -4.99704813]",150
[0. 0. 0. 0. 0. 0. 0. 0. 0. 0. 0. 0.],"[ 0.91682776 -0.80052688 -2.8024246   0.68914735  8.11946461  0.69289591
 -1.80539098 -4.03243547 -3.02371181  2.07717523  6.17620604 -3.79950168]",151
[0. 0. 0. 0. 0. 0. 0. 0. 0. 0. 0. 0.],"[ 0.56334365 -0.44704277 -3.15590871  0.33566324  8.47294872  0.3394118
 -2.15887509 -3.67895135 -2.6702277   2.43065934  5.82272193 -4.15298579]",152
[0. 0. 0. 0. 0. 0. 0. 0. 0. 0. 0. 0.],"[ 0.44070506 -0.32440417 -3.27854731  0.45830184  8.59558732  0.2167732
 -2.0362365  -3.55631276 -2.79286629  2.55329794  5.70008333 -4.27562438]",153
[0. 0. 0. 0. 0. 0. 0. 0. 0. 0. 0. 0.],"[ 1.11863968 -1.0023388  -3.95648193 -0.21963279  9.27352194  0.89470783
 -1.35830187 -4.23424738 -3.47080091  1.87536332  5.02214871 -3.59768976]",154
[0. 0. 0. 0. 0. 0. 0. 0. 0. 0. 0. 0.],"[-0.26281521  0.37911609 -5.33793682  1.1618221   7.89206705  2.27616271
  0.02315301 -5.61570226 -2.08934603  0.49390843  3.64069382 -4.97914465]",155
[0. 0. 0. 0. 0. 0. 0. 0. 0. 0. 0. 0.],"[-0.03437882  0.1506797  -5.5663732   1.39025848  8.12050344  2.5045991
  0.25158939 -5.38726588 -2.31778242  0.26547205  3.41225744 -5.20758103]",156
[0. 0. 0. 0. 0. 0. 0. 0. 0. 0. 0. 0.],"[-0.13557064  0.04948788 -5.46518138  1.28906666  8.01931162  2.60579092
  0.15039758 -5.4884577  -2.41897423  0.16428023  3.31106562 -5.30877285]",157
[0. 0. 0. 0. 0. 0. 0. 0. 0. 0. 0. 0.],"[ 0.42500837 -0.51109113 -4.90460237  1.84964567  7.45873261  3.16636993
 -0.41018143 -6.04903671 -2.97955324  0.72485924  2.75048661 -4.74819384]",158
[0. 0. 0. 0. 0. 0. 0. 0. 0. 0. 0. 0.],"[ 0.55723033 -0.37886916 -5.03682434  1.71742371  7.32651064  3.03414796
 -0.5424034  -6.18125867 -3.11177521  0.59263728  2.61826464 -4.8804158 ]",159
[0. 0. 0. 0. 0. 0. 0. 0. 0. 0. 0. 0.],"[ 0.6088085  -0.43044733 -5.08840251  1.76900188  7.27493247  2.98256979
 -0.59398157 -6.1296805  -3.16335338  0.5410591   2.66984282 -4.93199398]",160
[0. 0. 0. 0. 0. 0. 0. 0. 0. 0. 0. 0.],"[ 0.73108078 -0.5527196  -4.96613024  1.89127415  7.1526602   2.86029752
 -0.71625384 -6.25195277 -3.28562565  0.41878683  2.54757054 -5.05426625]",161
[0. 0. 0. 0. 0. 0. 0. 0. 0. 0. 0. 0.],"[ 0.70937046 -0.57442992 -4.94441992  1.86956384  7.13094989  2.8385872
 -0.69454353 -6.27366308 -3.26391534  0.44049714  2.52586023 -5.07597656]",162
[0. 0. 0. 0. 0. 0. 0. 0. 0. 0. 0. 0.],"[ 0.70973758 -0.57479704 -4.94405281  1.86919672  7.13058277  2.83895432
 -0.69417641 -6.2740302  -3.26354822  0.44086426  2.52622735 -5.07560944]",163
[0. 0. 0. 0. 0. 0. 0. 0. 0. 0. 0. 0.],"[ 0.61003697 -0.67449765 -5.04375342  1.96889734  7.03088216  2.93865494
 -0.79387703 -6.17432959 -3.36324884  0.54056488  2.42652673 -4.97590883]",164
[0. 0. 0. 0. 0. 0. 0. 0. 0. 0. 0. 0.],"[ 0.4222797  -0.86225491 -5.23151069  2.1566546   6.84312489  2.75089767
 -0.98163429 -5.98657232 -3.5510061   0.72832214  2.614284   -4.78815156]",165
[0. 0. 0. 0. 0. 0. 0. 0. 0. 0. 0. 0.],"[ 0.05217179 -1.23236283 -4.86140277  1.78654669  7.21323281  2.38078976
 -0.61152638 -5.61646441 -3.92111402  1.09843006  2.98439191 -5.15825948]",166
[0. 0. 0. 0. 0. 0. 0. 0. 0. 0. 0. 0.],"[ 0.55088869 -1.73107973 -5.36011968  2.28526359  7.71194971  2.87950666
 -0.11280947 -5.1177475  -3.42239711  0.59971315  3.48310882 -5.65697638]",167
[0. 0. 0. 0. 0. 0. 0. 0. 0. 0. 0. 0.],"[ 0.12621531 -1.30640635 -4.93544629  1.86059021  7.28727633  2.45483328
  0.31186391 -4.69307412 -3.84707049  1.02438653  3.9077822  -6.08164977]",168
[0. 0. 0. 0. 0. 0. 0. 0. 0. 0. 0. 0.],"[ 0.64509652 -0.78752514 -4.41656508  2.37947142  6.76839512  1.93595207
 -0.2070173  -5.21195533 -4.3659517   1.54326774  4.42666341 -6.60053098]",169
[0. 0. 0. 0. 0. 0. 0. 0. 0. 0. 0. 0.],"[ 0.7286101  -0.87103871 -4.50007865  2.46298499  6.68488155  2.01946564
 -0.12350373 -5.12844176 -4.44946528  1.45975417  4.34314984 -6.68404455]",170
[0. 0. 0. 0. 0. 0. 0. 0. 0. 0. 0. 0.],"[ 1.73519938  0.13555057 -5.50666793  3.46957427  7.69147083  1.01287636
 -1.13009301 -4.12185248 -3.442876    2.46634345  5.34973912 -5.67745527]",171
[0. 0. 0. 0. 0. 0. 0. 0. 0. 0. 0. 0.],"[ 2.37355445 -0.50280451 -6.14502301  2.8312192   7.05311575  0.37452129
 -0.49173793 -3.48349741 -4.08123107  3.10469853  4.71138404 -5.03910019]",172
[0. 0. 0. 0. 0. 0. 0. 0. 0. 0. 0. 0.],"[ 2.46499027 -0.41136869 -6.05358719  2.92265501  6.96167994  0.4659571
 -0.40030212 -3.39206159 -4.17266689  3.01326271  4.80281986 -4.94766438]",173
[0. 0. 0. 0. 0. 0. 0. 0. 0. 0. 0. 0.],"[ 3.50681234  0.63045338 -5.01176512  3.96447708  5.91985787  1.50777917
 -1.44212419 -4.43388366 -3.13084482  4.05508478  5.84464193 -3.90584231]",174
[0. 0. 0. 0. 0. 0. 0. 0. 0. 0. 0. 0.],"[ 4.54857533 -0.41130962 -6.05352812  2.92271409  6.96162086  2.54954217
 -2.48388718 -5.47564665 -2.08908182  3.01332179  6.88640492 -2.86407931]",175
[0. 0. 0. 0. 0. 0. 0. 0. 0. 0. 0. 0.],"[ 4.74543005 -0.60816434 -6.25038284  2.72585937  6.76476614  2.74639689
 -2.6807419  -5.67250138 -2.28593655  2.81646706  7.08325964 -3.06093404]",176
[0. 0. 0. 0. 0. 0. 0. 0. 0. 0. 0. 0.],"[ 5.80487722  0.45128282 -5.19093568  3.78530653  5.70531898  1.68694973
 -1.62129474 -6.73194854 -3.34538371  3.87591423  8.14270681 -2.00148688]",177
[0. 0. 0. 0. 0. 0. 0. 0. 0. 0. 0. 0.],"[ 5.22513421  1.03102583 -4.61119268  4.36504953  6.28506198  2.26669273
 -2.20103775 -6.15220553 -3.92512671  4.45565723  7.5629638  -2.58122988]",178
[0. 0. 0. 0. 0. 0. 0. 0. 0. 0. 0. 0.],"[ 5.20211927  1.00801088 -4.58817773  4.38806448  6.30807692  2.24367779
 -2.1780228  -6.12919059 -3.94814166  4.47867217  7.53994886 -2.55821493]",179
[0. 0. 0. 0. 0. 0. 0. 0. 0. 0. 0. 0.],"[ 5.2968006   0.91332954 -4.49349639  4.48274581  6.40275826  2.33835912
 -2.27270414 -6.03450925 -4.04282299  4.38399084  7.44526752 -2.65289627]",180
[0. 0. 0. 0. 0. 0. 0. 0. 0. 0. 0. 0.],"[ 5.13924089  0.75576983 -4.33593668  4.64030553  6.24519855  2.49591884
 -2.43026385 -5.87694954 -3.88526328  4.54155055  7.60282724 -2.81045599]",181
[0. 0. 0. 0. 0. 0. 0. 0. 0. 0. 0. 0.],"[ 4.98550764  0.90950308 -4.48966993  4.48657228  6.3989318   2.64965209
 -2.5839971  -5.72321629 -4.03899653  4.3878173   7.75656049 -2.65672274]",182
[0. 0. 0. 0. 0. 0. 0. 0. 0. 0. 0. 0.],"[ 4.81707814  1.07793258 -4.32124043  4.65500178  6.5673613   2.48122258
 -2.4155676  -5.89164579 -3.87056703  4.5562468   7.58813098 -2.82515224]",183
[0. 0. 0. 0. 0. 0. 0. 0. 0. 0. 0. 0.],"[ 5.01287431  0.88213641 -4.5170366   4.45920561  6.76315747  2.67701876
 -2.61136377 -6.08744196 -3.67477085  4.75204298  7.39233481 -3.02094841]",184
[0. 0. 0. 0. 0. 0. 0. 0. 0. 0. 0. 0.],"[ 5.18037366  1.04963577 -4.68453595  4.29170625  6.59565811  2.5095194
 -2.77886313 -6.25494132 -3.5072715   4.91954233  7.22483546 -2.85344905]",185
[0. 0. 0. 0. 0. 0. 0. 0. 0. 0. 0. 0.],"[ 5.46941383  0.7605956  -4.39549579  4.58074642  6.88469828  2.22047924
 -3.06790329 -5.96590115 -3.79631166  4.63050217  7.51387562 -3.14248922]",186
[0. 0. 0. 0. 0. 0. 0. 0. 0. 0. 0. 0.],"[ 6.1425424   1.43372418 -5.06862437  3.90761784  7.55782685  1.54735066
 -2.39477472 -5.29277258 -3.12318309  5.30363074  8.18700419 -3.81561779]",187
[0. 0. 0. 0. 0. 0. 0. 0. 0. 0. 0. 0.],"[ 6.5137728   1.06249378 -4.69739396  4.27884824  7.18659645  1.17612026
 -2.02354431 -4.92154218 -2.75195269  5.67486115  7.81577379 -4.18684819]",188
[0. 0. 0. 0. 0. 0. 0. 0. 0. 0. 0. 0.],"[ 6.36546572  0.91418669 -4.54908688  4.13054116  7.33490354  1.32442734
 -1.87523723 -4.77323509 -2.6036456   5.82316823  7.96408088 -4.33515528]",189
[0. 0. 0. 0. 0. 0. 0. 0. 0. 0. 0. 0.],"[ 6.85664896  0.42300345 -4.05790363  3.63935791  6.84372029  0.8332441
 -2.36642047 -5.26441834 -2.11246236  6.31435148  8.45526412 -3.84397203]",190
[0. 0. 0. 0. 0. 0. 0. 0. 0. 0. 0. 0.],"[ 8.20758987  1.77394435 -5.40884454  4.99029882  5.49277939  2.18418501
 -1.01547957 -3.91347743 -3.46340326  4.96341057  7.10432322 -2.49303113]",191
[0. 0. 0. 0. 0. 0. 0. 0. 0. 0. 0. 0.],"[ 6.90110225  0.46745674 -6.71533216  3.6838112   4.18629177  3.49067263
  0.29100805 -2.60698981 -2.15691564  6.26989819  5.7978356  -1.18654351]",192
[0. 0. 0. 0. 0. 0. 0. 0. 0. 0. 0. 0.],"[ 6.32088187  1.04767712 -6.13511178  3.10359082  3.60607138  2.91045224
 -0.28921233 -3.1872102  -2.73713603  6.85011857  6.37805598 -0.60632312]",193
[0. 0. 0. 0. 0. 0. 0. 0. 0. 0. 0. 0.],"[ 6.75183655  1.4786318  -6.56606646  2.67263614  4.03702607  2.47949756
 -0.72016702 -2.75625551 -3.16809071  6.41916389  5.9471013  -0.17536844]",194
[0. 0. 0. 0. 0. 0. 0. 0. 0. 0. 0. 0.],"[ 6.72609833  1.50437003 -6.59180469  2.69837436  4.01128784  2.45375933
 -0.69442879 -2.78199374 -3.14235249  6.44490211  5.92136307 -0.20110667]",195
[0. 0. 0. 0. 0. 0. 0. 0. 0. 0. 0. 0.],"[ 6.66370547  1.44197718 -6.65419754  2.76076721  3.94889499  2.51615218
 -0.75682164 -2.84438659 -3.20474534  6.50729497  5.85897022 -0.13871382]",196
[0. 0. 0. 0. 0. 0. 0. 0. 0. 0. 0. 0.],"[ 7.3606891   0.74499356 -5.95721391  2.06378359  3.25191136  1.81916856
 -0.05983802 -2.14740297 -3.90172896  7.20427859  6.55595384 -0.83569744]",197
[0. 0. 0. 0. 0. 0. 0. 0. 0. 0. 0. 0.],"[ 8.28904026 -0.18335761 -5.02886275  2.99213476  4.18026253  0.89081739
 -0.98818918 -3.07575413 -2.97337779  8.13262976  7.48430501 -1.76404861]",198
[0. 0. 0. 0. 0. 0. 0. 0. 0. 0. 0. 0.],"[ 7.75499886 -0.71739901 -5.56290415  3.52617616  4.71430393  0.35677599
 -0.45414778 -2.54171273 -3.5074192   8.66667116  8.01834641 -1.2300072 ]",199
[0. 0. 0. 0. 0. 0. 0. 0. 0. 0. 0. 0.],"[ 8.09982787 -0.37257001 -5.90773316  3.18134715  4.36947493  0.70160499
 -0.10931877 -2.19688372 -3.8522482   9.01150016  8.36317542 -0.8851782 ]",200
