[0. 0. 0. 0. 0. 0. 0. 0. 0. 0. 0. 0. 0. 0. 0. 0.],"[0.30527362 0.12695707 0.57362583 0.90482446 0.41592616 0.1862386
 0.60794169 0.06871102 0.16594345 0.94990858 0.35370555 0.24566085
 0.57905862 0.27433071 0.99307143 0.87045264]",1
[0. 0. 0. 0. 0. 0. 0. 0. 0. 0. 0. 0. 0. 0. 0. 0.],"[0.29194185 0.1136253  0.56029406 0.91815623 0.40259439 0.19957036
 0.62127346 0.08204279 0.15261169 0.93657682 0.34037379 0.25899262
 0.56572685 0.26099895 1.0064032  0.85712087]",2
[0. 0. 0. 0. 0. 0. 0. 0. 0. 0. 0. 0. 0. 0. 0. 0.],"[0.41959828 0.24128173 0.68795049 1.04581266 0.53025083 0.32722679
 0.49361703 0.20969922 0.28026812 1.06423325 0.21271736 0.13133619
 0.69338328 0.38865538 1.13405963 0.72946444]",3
[0. 0. 0. 0. 0. 0. 0. 0. 0. 0. 0. 0. 0. 0. 0. 0.],"[0.41703204 0.23871549 0.69051674 1.04324641 0.53281707 0.32466055
 0.49105079 0.20713297 0.28283436 1.06166701 0.21015111 0.12876995
 0.69594953 0.39122162 1.13149339 0.73203069]",4
[0. 0. 0. 0. 0. 0. 0. 0. 0. 0. 0. 0. 0. 0. 0. 0.],"[0.4027349  0.22441835 0.67621959 1.05754356 0.51851992 0.33895769
 0.47675364 0.22143012 0.26853722 1.04736986 0.22444826 0.14306709
 0.71024667 0.37692448 1.11719624 0.74632783]",5
[0. 0. 0. 0. 0. 0. 0. 0. 0. 0. 0. 0. 0. 0. 0. 0.],"[0.3839446  0.20562805 0.69500989 1.07633385 0.49972963 0.35774799
 0.49554394 0.24022041 0.28732752 1.02857956 0.24323856 0.16185739
 0.69145637 0.35813418 1.13598654 0.76511813]",6
[0. 0. 0. 0. 0. 0. 0. 0. 0. 0. 0. 0. 0. 0. 0. 0.],"[0.35718224 0.1788657  0.72177225 1.0495715  0.52649198 0.33098564
 0.46878159 0.26698277 0.31408987 1.00181721 0.27000091 0.13509503
 0.66469402 0.33137182 1.10922418 0.73835577]",7
[0. 0. 0. 0. 0. 0. 0. 0. 0. 0. 0. 0. 0. 0. 0. 0.],"[0.32977181 0.20627613 0.74918268 1.07698194 0.55390242 0.3035752
 0.49619202 0.23957233 0.28667944 0.97440677 0.29741135 0.10768459
 0.69210445 0.30396139 1.13663462 0.76576621]",8
[0. 0. 0. 0. 0. 0. 0. 0. 0. 0. 0. 0. 0. 0. 0. 0.],"[0.30216524 0.2338827  0.72157611 1.04937537 0.52629585 0.27596863
 0.52379859 0.2671789  0.314286   1.00201334 0.32501792 0.08007803
 0.71971102 0.33156796 1.10902805 0.73815964]",9
[0. 0. 0. 0. 0. 0. 0. 0. 0. 0. 0. 0. 0. 0. 0. 0.],"[0.28820388 0.24784405 0.73553747 1.06333672 0.5402572  0.26200728
 0.50983724 0.25321755 0.30032465 1.01597469 0.33897927 0.06611667
 0.73367237 0.34552931 1.0950667  0.75212099]",10
[0. 0. 0. 0. 0. 0. 0. 0. 0. 0. 0. 0. 0. 0. 0. 0.],"[0.28044626 0.25560168 0.72777984 1.05557909 0.53249958 0.25424965
 0.51759486 0.24545993 0.30808228 1.00821707 0.33122164 0.05835905
 0.74143    0.33777168 1.10282433 0.74436337]",11
[0. 0. 0. 0. 0. 0. 0. 0. 0. 0. 0. 0. 0. 0. 0. 0.],"[0.28559715 0.25045079 0.73293073 1.0504282  0.52734869 0.25940054
 0.52274575 0.25061082 0.30293139 1.01336796 0.32607075 0.05320816
 0.73627911 0.34292257 1.09767344 0.74951425]",12
[0. 0. 0. 0. 0. 0. 0. 0. 0. 0. 0. 0. 0. 0. 0. 0.],"[0.29302999 0.24301794 0.74036357 1.04299536 0.53478153 0.2519677
 0.51531291 0.25804366 0.31036423 1.0208008  0.31863791 0.060641
 0.74371195 0.33548973 1.09024059 0.7569471 ]",13
[0. 0. 0. 0. 0. 0. 0. 0. 0. 0. 0. 0. 0. 0. 0. 0.],"[0.30903471 0.25902266 0.75636829 1.02699064 0.51877681 0.23596298
 0.53131763 0.27404838 0.32636895 1.00479608 0.33464263 0.04463629
 0.72770723 0.35149445 1.07423588 0.77295181]",14
[0. 0. 0. 0. 0. 0. 0. 0. 0. 0. 0. 0. 0. 0. 0. 0.],"[ 0.2586297   0.20861765  0.70596328  0.97658563  0.4683718   0.286368
  0.48091262  0.32445339  0.27596394  0.95439107  0.28423762 -0.00576873
  0.77811225  0.40189946  1.02383086  0.7225468 ]",15
[0. 0. 0. 0. 0. 0. 0. 0. 0. 0. 0. 0. 0. 0. 0. 0.],"[ 0.24036412  0.19035207  0.6876977   0.99485121  0.45010622  0.30463357
  0.49917819  0.34271896  0.25769836  0.9361255   0.30250319 -0.0240343
  0.79637782  0.38363388  1.00556529  0.70428123]",16
[0. 0. 0. 0. 0. 0. 0. 0. 0. 0. 0. 0. 0. 0. 0. 0.],"[ 0.25537299  0.1753432   0.70270657  0.97984234  0.43509736  0.2896247
  0.51418706  0.35772783  0.24268949  0.92111663  0.28749432 -0.03904317
  0.81138669  0.36862501  0.99055642  0.7192901 ]",17
[0. 0. 0. 0. 0. 0. 0. 0. 0. 0. 0. 0. 0. 0. 0. 0.],"[ 0.27105955  0.15965664  0.68702001  0.96415578  0.45078392  0.27393814
  0.52987362  0.3734144   0.22700293  0.93680319  0.30318089 -0.02335661
  0.79570013  0.38431158  1.00624298  0.73497666]",18
[0. 0. 0. 0. 0. 0. 0. 0. 0. 0. 0. 0. 0. 0. 0. 0.],"[ 0.33136346  0.21996055  0.6267161   0.90385187  0.39048001  0.21363423
  0.46956972  0.4337183   0.16669902  0.87649928  0.36348479 -0.08366052
  0.85600404  0.32400767  0.94593907  0.79528056]",19
[0. 0. 0. 0. 0. 0. 0. 0. 0. 0. 0. 0. 0. 0. 0. 0.],"[ 0.31996806  0.23135595  0.6153207   0.89245647  0.40187541  0.22502963
  0.48096511  0.4223229   0.15530362  0.86510388  0.37488019 -0.07226512
  0.84460864  0.33540307  0.93454367  0.78388516]",20
[0. 0. 0. 0. 0. 0. 0. 0. 0. 0. 0. 0. 0. 0. 0. 0.],"[ 0.25089625  0.16228414  0.68439251  0.82338466  0.3328036   0.15595783
  0.55003692  0.49139471  0.22437543  0.93417569  0.443952   -0.14133692
  0.91368044  0.26633126  0.86547187  0.85295697]",21
[0. 0. 0. 0. 0. 0. 0. 0. 0. 0. 0. 0. 0. 0. 0. 0.],"[ 0.20113441  0.21204599  0.63463066  0.77362282  0.28304176  0.20571968
  0.59979877  0.44163286  0.27413727  0.88441384  0.39419015 -0.19109877
  0.8639186   0.21656941  0.81571002  0.80319512]",22
[0. 0. 0. 0. 0. 0. 0. 0. 0. 0. 0. 0. 0. 0. 0. 0.],"[ 0.1165975   0.2965829   0.55009375  0.68908591  0.19850485  0.12118277
  0.68433568  0.52616977  0.18960037  0.96895075  0.30965324 -0.27563568
  0.94845551  0.13203251  0.73117311  0.71865821]",23
[0. 0. 0. 0. 0. 0. 0. 0. 0. 0. 0. 0. 0. 0. 0. 0.],"[ 0.10773856  0.28772396  0.55895269  0.68022697  0.20736379  0.13004171
  0.67547674  0.51731083  0.18074143  0.96009181  0.31851218 -0.26677674
  0.95731444  0.14089145  0.74003205  0.72751715]",24
[0. 0. 0. 0. 0. 0. 0. 0. 0. 0. 0. 0. 0. 0. 0. 0.],"[ 0.16390537  0.23155715  0.50278588  0.62406016  0.2635306   0.07387489
  0.73164355  0.57347764  0.23690824  0.903925    0.26234537 -0.32294355
  1.01348126  0.08472463  0.68386524  0.67135034]",25
[0. 0. 0. 0. 0. 0. 0. 0. 0. 0. 0. 0. 0. 0. 0. 0.],"[ 0.17476109  0.24241287  0.5136416   0.63491588  0.25267488  0.08473061
  0.74249927  0.56262192  0.24776396  0.91478072  0.27320109 -0.33379927
  1.02433698  0.09558035  0.67300952  0.66049462]",26
[0. 0. 0. 0. 0. 0. 0. 0. 0. 0. 0. 0. 0. 0. 0. 0.],"[ 0.12192899  0.18958076  0.4608095   0.58208378  0.19984278  0.13756272
  0.79533137  0.61545403  0.19493186  0.86194861  0.32603319 -0.38663137
  1.07716908  0.04274825  0.62017742  0.71332672]",27
[0. 0. 0. 0. 0. 0. 0. 0. 0. 0. 0. 0. 0. 0. 0. 0.],"[ 0.12075364  0.18840542  0.46198484  0.58090843  0.20101812  0.13873806
  0.79415603  0.61662937  0.1961072   0.86312396  0.32485785 -0.38545603
  1.07834442  0.04157291  0.61900207  0.71215138]",28
[0. 0. 0. 0. 0. 0. 0. 0. 0. 0. 0. 0. 0. 0. 0. 0.],"[ 0.11357078  0.19558828  0.45480198  0.57372557  0.20820098  0.1315552
  0.78697317  0.62381223  0.20329006  0.8559411   0.31767499 -0.37827317
  1.08552728  0.03439005  0.61181921  0.71933424]",29
[0. 0. 0. 0. 0. 0. 0. 0. 0. 0. 0. 0. 0. 0. 0. 0.],"[ 0.11835829  0.20037579  0.45001448  0.56893806  0.20341347  0.13634271
  0.79176068  0.61902472  0.19850255  0.85115359  0.31288748 -0.37348566
  1.08073977  0.03917756  0.61660672  0.72412175]",30
[0. 0. 0. 0. 0. 0. 0. 0. 0. 0. 0. 0. 0. 0. 0. 0.],"[ 0.05047289  0.13249039  0.51789988  0.50105266  0.27129887  0.06845731
  0.72387527  0.68691012  0.26638795  0.78326819  0.24500208 -0.44137106
  1.01285437  0.10706296  0.54872132  0.65623635]",31
[0. 0. 0. 0. 0. 0. 0. 0. 0. 0. 0. 0. 0. 0. 0. 0.],"[ 0.09460522  0.08835806  0.5620322   0.45692034  0.3154312   0.02432498
  0.7680076   0.73104245  0.31052028  0.82740052  0.20086975 -0.48550339
  0.96872205  0.15119528  0.59285365  0.70036867]",32
[0. 0. 0. 0. 0. 0. 0. 0. 0. 0. 0. 0. 0. 0. 0. 0.],"[ 0.05500717  0.1279561   0.52243416  0.41732229  0.35502925  0.06392302
  0.80760565  0.77064049  0.35011832  0.78780247  0.2404678  -0.52510143
  1.00832009  0.19079333  0.63245169  0.66077063]",33
[0. 0. 0. 0. 0. 0. 0. 0. 0. 0. 0. 0. 0. 0. 0. 0.],"[ 0.08454609  0.09841719  0.55197307  0.38778338  0.38456816  0.03438411
  0.83714456  0.80017941  0.32057941  0.81734139  0.27000671 -0.55464035
  0.97878118  0.22033224  0.60291278  0.69030954]",34
[0. 0. 0. 0. 0. 0. 0. 0. 0. 0. 0. 0. 0. 0. 0. 0.],"[ 0.12062023  0.13449133  0.51589893  0.42385752  0.34849402  0.07045825
  0.8732187   0.76410527  0.28450527  0.85341553  0.23393257 -0.59071449
  0.94270703  0.25640638  0.56683864  0.6542354 ]",35
[0. 0. 0. 0. 0. 0. 0. 0. 0. 0. 0. 0. 0. 0. 0. 0.],"[ 0.10925342  0.14585813  0.50453213  0.43522432  0.33712721  0.08182506
  0.8618519   0.75273846  0.29587207  0.84204873  0.22256577 -0.60208129
  0.93134023  0.24503958  0.57820544  0.66560221]",36
[0. 0. 0. 0. 0. 0. 0. 0. 0. 0. 0. 0. 0. 0. 0. 0.],"[ 0.14731716  0.18392187  0.54259586  0.39716059  0.29906348  0.11988879
  0.89991563  0.79080219  0.3339358   0.88011246  0.18450204 -0.56401756
  0.96940396  0.28310331  0.54014171  0.70366594]",37
[0. 0. 0. 0. 0. 0. 0. 0. 0. 0. 0. 0. 0. 0. 0. 0.],"[ 0.12291711  0.15952182  0.5669959   0.37276055  0.32346352  0.09548875
  0.87551559  0.76640215  0.30953576  0.9045125   0.20890208 -0.53961752
  0.993804    0.30750335  0.56454175  0.72806598]",38
[0. 0. 0. 0. 0. 0. 0. 0. 0. 0. 0. 0. 0. 0. 0. 0.],"[ 0.15279458  0.18939929  0.59687337  0.40263802  0.35334099  0.06561128
  0.84563812  0.79627962  0.33941323  0.87463503  0.23877954 -0.56949499
  0.96392654  0.33738082  0.53466428  0.75794344]",39
[0. 0. 0. 0. 0. 0. 0. 0. 0. 0. 0. 0. 0. 0. 0. 0.],"[ 0.28780256  0.32440727  0.73188135  0.26763003  0.48834897  0.20061926
  0.71063014  0.66127163  0.20440525  1.00964302  0.10377156 -0.70450297
  1.09893452  0.4723888   0.3996563   0.89295143]",40
[0. 0. 0. 0. 0. 0. 0. 0. 0. 0. 0. 0. 0. 0. 0. 0.],"[ 0.25218574  0.3600241   0.69626453  0.23201321  0.45273215  0.23623608
  0.67501332  0.69688846  0.24002207  1.04525984  0.06815474 -0.74011979
  1.13455134  0.50800562  0.43527312  0.92856825]",41
[0. 0. 0. 0. 0. 0. 0. 0. 0. 0. 0. 0. 0. 0. 0. 0.],"[ 0.35268044  0.46051879  0.79675923  0.13151852  0.35223746  0.13574139
  0.57451862  0.59639376  0.13952737  1.14575453  0.16864943 -0.6396251
  1.23504604  0.60850032  0.33477842  0.82807355]",42
[0. 0. 0. 0. 0. 0. 0. 0. 0. 0. 0. 0. 0. 0. 0. 0.],"[ 0.23672232  0.34456067  0.68080111  0.0155604   0.23627934  0.25169951
  0.4585605   0.71235188  0.02356925  1.26171265  0.28460755 -0.75558322
  1.11908792  0.4925422   0.45073654  0.71211543]",43
[0. 0. 0. 0. 0. 0. 0. 0. 0. 0. 0. 0. 0. 0. 0. 0.],"[ 0.24656818  0.35440654  0.69064697  0.02540626  0.2461252   0.24185364
  0.44871463  0.72219774  0.01372339  1.25186679  0.29445342 -0.76542908
  1.10924205  0.50238806  0.46058241  0.70226957]",44
[0. 0. 0. 0. 0. 0. 0. 0. 0. 0. 0. 0. 0. 0. 0. 0.],"[ 2.71921784e-01  3.79760136e-01  6.65293370e-01  5.26600518e-05
  2.71478799e-01  2.16500044e-01  4.23361035e-01  7.47551342e-01
 -1.16302140e-02  1.27722039e+00  3.19807018e-01 -7.40075480e-01
  1.13459565e+00  4.77034464e-01  4.35228808e-01  6.76915968e-01]",45
[0. 0. 0. 0. 0. 0. 0. 0. 0. 0. 0. 0. 0. 0. 0. 0.],"[ 0.33861034  0.31307158  0.73198193 -0.0666359   0.20479024  0.14981148
  0.35667247  0.68086278 -0.07831877  1.21053183  0.25311846 -0.80676404
  1.20128421  0.54372302  0.50191737  0.61022741]",46
[0. 0. 0. 0. 0. 0. 0. 0. 0. 0. 0. 0. 0. 0. 0. 0.],"[ 0.3100748   0.34160712  0.70344638 -0.09517145  0.17625469  0.17834703
  0.32813693  0.70939833 -0.04978323  1.23906738  0.22458291 -0.83529959
  1.17274867  0.51518748  0.53045292  0.63876296]",47
[0. 0. 0. 0. 0. 0. 0. 0. 0. 0. 0. 0. 0. 0. 0. 0.],"[ 0.270652    0.38102992  0.74286918 -0.05574865  0.21567748  0.13892424
  0.28871413  0.66997554 -0.01036043  1.27849017  0.2640057  -0.7958768
  1.21217146  0.47576468  0.49103012  0.59934016]",48
[0. 0. 0. 0. 0. 0. 0. 0. 0. 0. 0. 0. 0. 0. 0. 0.],"[ 0.22877869  0.33915661  0.70099587 -0.09762197  0.17380417  0.18079755
  0.33058745  0.71184885 -0.05223375  1.23661686  0.30587901 -0.83775011
  1.25404477  0.517638    0.53290343  0.64121347]",49
[0. 0. 0. 0. 0. 0. 0. 0. 0. 0. 0. 0. 0. 0. 0. 0.],"[ 0.2485817   0.35895962  0.68119285 -0.07781895  0.19360718  0.16099454
  0.35039046  0.69204584 -0.03243073  1.21681385  0.32568203 -0.85755312
  1.27384778  0.53744101  0.55270645  0.66101649]",50
[0. 0. 0. 0. 0. 0. 0. 0. 0. 0. 0. 0. 0. 0. 0. 0.],"[ 0.26218546  0.37256337  0.6675891  -0.09142271  0.18000343  0.14739079
  0.33678671  0.70564959 -0.04603448  1.2304176   0.31207827 -0.87115687
  1.26024403  0.52383726  0.53910269  0.64741273]",51
[0. 0. 0. 0. 0. 0. 0. 0. 0. 0. 0. 0. 0. 0. 0. 0.],"[ 0.24695384  0.38779499  0.65235748 -0.10665433  0.19523505  0.1626224
  0.32155509  0.72088121 -0.03080287  1.21518598  0.29684666 -0.88638849
  1.24501241  0.53906887  0.55433431  0.66264435]",52
[0. 0. 0. 0. 0. 0. 0. 0. 0. 0. 0. 0. 0. 0. 0. 0.],"[ 0.25816365  0.3990048   0.64114767 -0.09544452  0.18402524  0.1514126
  0.31034528  0.7096714  -0.04201268  1.20397617  0.30805647 -0.87517868
  1.2338026   0.52785906  0.56554412  0.67385416]",53
[0. 0. 0. 0. 0. 0. 0. 0. 0. 0. 0. 0. 0. 0. 0. 0.],"[ 0.25609524  0.4010732   0.64321608 -0.09337611  0.18609364  0.153481
  0.30827687  0.7117398  -0.03994427  1.20190777  0.31012487 -0.87724708
  1.23587101  0.52579066  0.56761253  0.67592256]",54
[0. 0. 0. 0. 0. 0. 0. 0. 0. 0. 0. 0. 0. 0. 0. 0.],"[ 0.24796567  0.40920277  0.65134565 -0.08524654  0.17796407  0.16161057
  0.31640645  0.70361022 -0.0318147   1.19377819  0.30199529 -0.88537666
  1.22774143  0.53392024  0.55948295  0.68405214]",55
[0. 0. 0. 0. 0. 0. 0. 0. 0. 0. 0. 0. 0. 0. 0. 0.],"[ 0.18722462  0.34846172  0.5906046  -0.14598759  0.11722302  0.10086952
  0.3771475   0.64286917  0.02892635  1.25451924  0.36273634 -0.94611771
  1.16700038  0.47317919  0.4987419   0.62331109]",56
[0. 0. 0. 0. 0. 0. 0. 0. 0. 0. 0. 0. 0. 0. 0. 0.],"[ 0.12174529  0.41394105  0.65608393 -0.21146692  0.05174369  0.03539019
  0.31166817  0.7083485  -0.03655298  1.18903991  0.29725701 -1.01159704
  1.23247971  0.40769986  0.43326257  0.68879042]",57
[0. 0. 0. 0. 0. 0. 0. 0. 0. 0. 0. 0. 0. 0. 0. 0.],"[ 0.15348366  0.44567942  0.62434556 -0.24320529  0.02000532  0.00365182
  0.2799298   0.74008687 -0.00481461  1.22077828  0.32899538 -0.97985867
  1.20074134  0.37596149  0.4015242   0.65705205]",58
[0. 0. 0. 0. 0. 0. 0. 0. 0. 0. 0. 0. 0. 0. 0. 0.],"[ 0.23481504  0.52701081  0.70567695 -0.32453667 -0.06132607 -0.07767956
  0.19859842  0.65875548  0.07651678  1.1394469   0.247664   -1.06119005
  1.28207273  0.45729288  0.48285559  0.73838344]",59
[0. 0. 0. 0. 0. 0. 0. 0. 0. 0. 0. 0. 0. 0. 0. 0.],"[ 0.2093619   0.55246396  0.7311301  -0.29908352 -0.03587292 -0.05222641
  0.17314527  0.63330234  0.05106363  1.11399375  0.27311714 -1.0357369
  1.25661958  0.48274602  0.45740244  0.71293029]",60
[0. 0. 0. 0. 0. 0. 0. 0. 0. 0. 0. 0. 0. 0. 0. 0.],"[ 0.20239059  0.55943527  0.72415879 -0.30605484 -0.02890161 -0.0452551
  0.16617396  0.64027365  0.04409232  1.10702244  0.28008846 -1.02876559
  1.24964827  0.48971734  0.45043113  0.70595898]",61
[0. 0. 0. 0. 0. 0. 0. 0. 0. 0. 0. 0. 0. 0. 0. 0.],"[ 0.22006333  0.57710802  0.74183153 -0.28838209 -0.04657436 -0.02758236
  0.1838467   0.6226009   0.06176507  1.12469518  0.2977612  -1.01109285
  1.26732101  0.47204459  0.43275838  0.72363173]",62
[0. 0. 0. 0. 0. 0. 0. 0. 0. 0. 0. 0. 0. 0. 0. 0.],"[ 0.26811216  0.52905919  0.69378271 -0.33643091 -0.09462318  0.02046647
  0.23189553  0.57455207  0.10981389  1.07664636  0.24971238 -0.96304402
  1.21927219  0.52009341  0.4808072   0.77168055]",63
[0. 0. 0. 0. 0. 0. 0. 0. 0. 0. 0. 0. 0. 0. 0. 0.],"[ 0.23706403  0.56010732  0.66273458 -0.30538278 -0.12567131 -0.01058166
  0.2008474   0.54350395  0.14086202  1.04559823  0.28076051 -0.99409215
  1.18822406  0.55114154  0.51185533  0.80272868]",64
[0. 0. 0. 0. 0. 0. 0. 0. 0. 0. 0. 0. 0. 0. 0. 0.],"[ 0.21664528  0.58052607  0.64231584 -0.32580153 -0.14609005 -0.0310004
  0.18042866  0.5230852   0.12044327  1.06601698  0.26034176 -1.0145109
  1.16780532  0.57156028  0.49143658  0.78230993]",65
[0. 0. 0. 0. 0. 0. 0. 0. 0. 0. 0. 0. 0. 0. 0. 0.],"[ 0.18084756  0.54472834  0.60651811 -0.36159926 -0.18188778  0.00479732
  0.21622638  0.55888293  0.156241    1.03021925  0.29613948 -1.05030862
  1.13200759  0.60735801  0.45563886  0.81810765]",66
[0. 0. 0. 0. 0. 0. 0. 0. 0. 0. 0. 0. 0. 0. 0. 0.],"[ 0.22578786  0.49978805  0.65145841 -0.40653955 -0.13694748 -0.04014298
  0.26116667  0.51394263  0.1113007   1.07515955  0.25119919 -1.09524891
  1.0870673   0.6522983   0.41069856  0.86304795]",67
[0. 0. 0. 0. 0. 0. 0. 0. 0. 0. 0. 0. 0. 0. 0. 0.],"[ 0.21938152  0.50619438  0.64505207 -0.41294589 -0.14335382 -0.03373664
  0.26757301  0.50753629  0.11770704  1.08156589  0.24479285 -1.08884258
  1.09347363  0.64589197  0.40429223  0.85664161]",68
[0. 0. 0. 0. 0. 0. 0. 0. 0. 0. 0. 0. 0. 0. 0. 0.],"[ 0.25777221  0.54458507  0.68344276 -0.45133658 -0.10496313 -0.07212733
  0.3059637   0.4691456   0.15609773  1.11995658  0.20640216 -1.12723327
  1.05508294  0.60750128  0.36590154  0.8950323 ]",69
[0. 0. 0. 0. 0. 0. 0. 0. 0. 0. 0. 0. 0. 0. 0. 0.],"[ 0.29684246  0.50551482  0.72251301 -0.49040683 -0.14403338 -0.11119758
  0.26689345  0.43007535  0.19516798  1.08088633  0.16733191 -1.16630352
  1.09415319  0.64657153  0.40497179  0.93410256]",70
[0. 0. 0. 0. 0. 0. 0. 0. 0. 0. 0. 0. 0. 0. 0. 0.],"[ 0.3518552   0.45050209  0.66750028 -0.54541956 -0.19904611 -0.16621031
  0.32190618  0.37506262  0.14015525  1.02587359  0.22234464 -1.11129079
  1.14916593  0.5915588   0.45998452  0.98911529]",71
[0. 0. 0. 0. 0. 0. 0. 0. 0. 0. 0. 0. 0. 0. 0. 0.],"[ 0.33822936  0.46412792  0.68112611 -0.5590454  -0.18542028 -0.17983615
  0.30828035  0.38868845  0.12652941  1.01224775  0.23597048 -1.09766495
  1.16279177  0.57793296  0.47361036  1.00274113]",72
[0. 0. 0. 0. 0. 0. 0. 0. 0. 0. 0. 0. 0. 0. 0. 0.],"[ 0.33505465  0.46730263  0.68430082 -0.5622201  -0.18859498 -0.17666145
  0.30510564  0.39186316  0.12335471  1.00907305  0.23914518 -1.09449025
  1.15961706  0.58110766  0.47678506  0.99956642]",73
[0. 0. 0. 0. 0. 0. 0. 0. 0. 0. 0. 0. 0. 0. 0. 0.],"[ 0.32520678  0.45745476  0.69414869 -0.57206798 -0.17874711 -0.16681357
  0.31495352  0.40171103  0.13320258  0.99922518  0.22929731 -1.08464237
  1.16946493  0.59095554  0.46693719  0.98971855]",74
[0. 0. 0. 0. 0. 0. 0. 0. 0. 0. 0. 0. 0. 0. 0. 0.],"[ 0.30821622  0.47444531  0.71113925 -0.55507742 -0.16175655 -0.18380413
  0.29796296  0.38472048  0.11621202  0.98223462  0.21230675 -1.10163293
  1.15247438  0.57396498  0.48392775  0.97272799]",75
[0. 0. 0. 0. 0. 0. 0. 0. 0. 0. 0. 0. 0. 0. 0. 0.],"[ 0.28953909  0.49312245  0.69246211 -0.57375456 -0.14307941 -0.20248127
  0.27928582  0.36604334  0.09753488  0.96355748  0.23098389 -1.08295579
  1.13379724  0.59264212  0.50260488  0.99140513]",76
[0. 0. 0. 0. 0. 0. 0. 0. 0. 0. 0. 0. 0. 0. 0. 0.],"[ 0.31651007  0.46615146  0.7194331  -0.60072554 -0.1700504  -0.22945225
  0.30625681  0.33907235  0.12450587  0.9365865   0.25795488 -1.05598481
  1.10682625  0.6196131   0.4756339   0.96443414]",77
[0. 0. 0. 0. 0. 0. 0. 0. 0. 0. 0. 0. 0. 0. 0. 0.],"[ 0.298136    0.48452554  0.70105902 -0.58235147 -0.18842447 -0.21107818
  0.32463088  0.35744643  0.14287994  0.91821242  0.27632895 -1.07435888
  1.12520033  0.63798718  0.49400797  0.94606007]",78
[0. 0. 0. 0. 0. 0. 0. 0. 0. 0. 0. 0. 0. 0. 0. 0.],"[ 0.2309825   0.41737205  0.76821252 -0.64950496 -0.25557797 -0.14392468
  0.39178438  0.29029293  0.21003344  0.85105893  0.34348244 -1.14151237
  1.05804684  0.70514067  0.56116147  1.01321356]",79
[0. 0. 0. 0. 0. 0. 0. 0. 0. 0. 0. 0. 0. 0. 0. 0.],"[ 0.23175071  0.41660384  0.76898073 -0.65027317 -0.25480976 -0.14469289
  0.39101617  0.29106114  0.21080165  0.85182714  0.34271423 -1.14228058
  1.05881505  0.70590888  0.56192968  1.01244535]",80
[0. 0. 0. 0. 0. 0. 0. 0. 0. 0. 0. 0. 0. 0. 0. 0.],"[ 0.24475064  0.40360391  0.78198065 -0.63727325 -0.26780968 -0.15769282
  0.40401609  0.27806122  0.22380157  0.83882721  0.32971431 -1.12928066
  1.04581512  0.71890881  0.54892975  0.99944543]",81
[0. 0. 0. 0. 0. 0. 0. 0. 0. 0. 0. 0. 0. 0. 0. 0.],"[ 0.23817923  0.41017532  0.78855206 -0.64384466 -0.26123827 -0.15112141
  0.39744468  0.27148981  0.23037298  0.84539862  0.3231429  -1.12270925
  1.03924371  0.7123374   0.55550116  1.00601683]",82
[0. 0. 0. 0. 0. 0. 0. 0. 0. 0. 0. 0. 0. 0. 0. 0.],"[ 0.22456732  0.42378723  0.80216397 -0.65745657 -0.27485018 -0.1375095
  0.41105659  0.28510172  0.24398489  0.85901053  0.33675481 -1.13632116
  1.0256318   0.69872549  0.56911307  1.01962875]",83
[0. 0. 0. 0. 0. 0. 0. 0. 0. 0. 0. 0. 0. 0. 0. 0.],"[ 0.19192254  0.39114245  0.7695192  -0.62481179 -0.24220541 -0.10486473
  0.44370137  0.25245694  0.27662967  0.89165531  0.36939958 -1.10367638
  1.05827658  0.73137026  0.5364683   1.05227352]",84
[0. 0. 0. 0. 0. 0. 0. 0. 0. 0. 0. 0. 0. 0. 0. 0.],"[ 0.14051342  0.33973333  0.82092832 -0.57340267 -0.29361453 -0.0534556
  0.49511049  0.20104782  0.32803879  0.94306443  0.31799046 -1.15508551
  1.00686745  0.78277939  0.58787742  1.0008644 ]",85
[0. 0. 0. 0. 0. 0. 0. 0. 0. 0. 0. 0. 0. 0. 0. 0.],"[ 0.16507054  0.36429045  0.84548544 -0.59795979 -0.26905741 -0.02889848
  0.47055337  0.1764907   0.35259592  0.91850731  0.29343334 -1.13052839
  0.98231033  0.80733651  0.5633203   0.97630727]",86
[0. 0. 0. 0. 0. 0. 0. 0. 0. 0. 0. 0. 0. 0. 0. 0.],"[ 0.18964077  0.33972022  0.87005568 -0.62253002 -0.29362764 -0.00432825
  0.44598314  0.15192047  0.37716615  0.94307754  0.31800357 -1.10595815
  0.9577401   0.83190674  0.58789053  1.00087751]",87
[0. 0. 0. 0. 0. 0. 0. 0. 0. 0. 0. 0. 0. 0. 0. 0.],"[ 0.18468306  0.3347625   0.86509796 -0.61757231 -0.29858536 -0.00928596
  0.44102542  0.14696275  0.37220843  0.94803526  0.32296129 -1.10100044
  0.96269781  0.83686446  0.58293282  0.99591979]",88
[0. 0. 0. 0. 0. 0. 0. 0. 0. 0. 0. 0. 0. 0. 0. 0.],"[ 0.19596359  0.34604303  0.87637849 -0.62885284 -0.28730483  0.00199457
  0.42974489  0.13568222  0.38348896  0.93675473  0.33424182 -1.11228097
  0.95141728  0.82558393  0.57165229  1.00720032]",89
[0. 0. 0. 0. 0. 0. 0. 0. 0. 0. 0. 0. 0. 0. 0. 0.],"[ 0.1691878   0.31926725  0.8496027  -0.65562863 -0.31408062 -0.02478122
  0.45652068  0.16245801  0.41026475  0.90997894  0.30746603 -1.13905675
  0.97819307  0.79880814  0.59842808  1.03397611]",90
[0. 0. 0. 0. 0. 0. 0. 0. 0. 0. 0. 0. 0. 0. 0. 0.],"[ 0.18263614  0.33271559  0.86305104 -0.64218029 -0.30063228 -0.03822956
  0.46996902  0.17590635  0.42371309  0.92342728  0.32091437 -1.15250509
  0.96474473  0.7853598   0.58497974  1.02052777]",91
[0. 0. 0. 0. 0. 0. 0. 0. 0. 0. 0. 0. 0. 0. 0. 0.],"[ 0.14174512  0.29182456  0.90394207 -0.68307131 -0.25974125  0.00266147
  0.42907799  0.21679737  0.38282207  0.9643183   0.36180539 -1.19339612
  1.00563576  0.82625082  0.62587076  1.06141879]",92
[0. 0. 0. 0. 0. 0. 0. 0. 0. 0. 0. 0. 0. 0. 0. 0.],"[ 0.15330093  0.30338038  0.91549788 -0.67151549 -0.27129707  0.01421728
  0.41752218  0.20524156  0.39437788  0.97587412  0.35024958 -1.1818403
  0.99407994  0.83780664  0.63742658  1.04986298]",93
[0. 0. 0. 0. 0. 0. 0. 0. 0. 0. 0. 0. 0. 0. 0. 0.],"[ 0.14904783  0.30763348  0.91124478 -0.66726239 -0.27555018  0.00996418
  0.41326907  0.20098845  0.39863099  0.97162102  0.34599647 -1.1775872
  0.98982683  0.84205975  0.63317347  1.04560987]",94
[0. 0. 0. 0. 0. 0. 0. 0. 0. 0. 0. 0. 0. 0. 0. 0.],"[ 0.11673765  0.33994366  0.94355495 -0.63495221 -0.30786035 -0.022346
  0.44557925  0.16867828  0.36632081  1.00393119  0.3136863  -1.14527702
  1.02213701  0.87436992  0.66548365  1.07792005]",95
[0. 0. 0. 0. 0. 0. 0. 0. 0. 0. 0. 0. 0. 0. 0. 0.],"[ 0.14970016  0.30698115  0.97651746 -0.60198971 -0.34082286  0.01061651
  0.47854175  0.13571577  0.3333583   0.97096868  0.28072379 -1.17823953
  0.9891745   0.84140741  0.69844615  1.11088255]",96
[0. 0. 0. 0. 0. 0. 0. 0. 0. 0. 0. 0. 0. 0. 0. 0.],"[ 0.09552718  0.25280817  1.03069044 -0.65616269 -0.28664988  0.06478949
  0.53271473  0.08154279  0.27918533  1.02514166  0.22655081 -1.23241251
  1.04334748  0.89558039  0.64427317  1.16505553]",97
[0. 0. 0. 0. 0. 0. 0. 0. 0. 0. 0. 0. 0. 0. 0. 0.],"[ 0.01150803  0.16878901  1.11470959 -0.57214353 -0.37066903  0.14880865
  0.61673389 -0.00247637  0.19516617  1.10916082  0.31056996 -1.14839335
  1.12736663  0.97959955  0.56025402  1.24907469]",98
[0. 0. 0. 0. 0. 0. 0. 0. 0. 0. 0. 0. 0. 0. 0. 0.],"[ 0.03598183  0.19326282  1.1391834  -0.59661734 -0.34619523  0.17328245
  0.59226008  0.02199744  0.17069237  1.13363462  0.33504377 -1.17286716
  1.10289283  0.95512574  0.53578021  1.27354849]",99
[0. 0. 0. 0. 0. 0. 0. 0. 0. 0. 0. 0. 0. 0. 0. 0.],"[-0.02505168  0.25429633  1.20021691 -0.65765085 -0.28516171  0.11224894
  0.53122657 -0.03903608  0.23172588  1.19466814  0.27401025 -1.23390067
  1.16392634  0.89409223  0.4747467   1.33458201]",100
[0. 0. 0. 0. 0. 0. 0. 0. 0. 0. 0. 0. 0. 0. 0. 0.],"[-0.03448147  0.26372612  1.19078713 -0.66708064 -0.2945915   0.10281915
  0.52179678 -0.04846586  0.2222961   1.20409792  0.28344004 -1.24333046
  1.17335613  0.88466244  0.46531691  1.32515222]",101
[0. 0. 0. 0. 0. 0. 0. 0. 0. 0. 0. 0. 0. 0. 0. 0.],"[-0.04802279  0.27726744  1.20432845 -0.65353931 -0.28105017  0.08927783
  0.53533811 -0.03492454  0.23583742  1.1905566   0.26989871 -1.22978914
  1.15981481  0.89820377  0.47885824  1.3116109 ]",102
[0. 0. 0. 0. 0. 0. 0. 0. 0. 0. 0. 0. 0. 0. 0. 0.],"[-0.01012286  0.23936751  1.24222838 -0.61563938 -0.24315025  0.0513779
  0.57323804 -0.07282447  0.19793749  1.15265667  0.23199878 -1.26768906
  1.19771474  0.86030384  0.44095831  1.27371097]",103
[0. 0. 0. 0. 0. 0. 0. 0. 0. 0. 0. 0. 0. 0. 0. 0.],"[ 0.01226286  0.21698179  1.2646141  -0.59325366 -0.22076452  0.02899218
  0.55085232 -0.05043875  0.17555177  1.17504239  0.25438451 -1.29007479
  1.17532901  0.83791812  0.46334403  1.29609669]",104
[0. 0. 0. 0. 0. 0. 0. 0. 0. 0. 0. 0. 0. 0. 0. 0.],"[-0.06605485  0.13866408  1.34293182 -0.67157137 -0.29908224  0.10730989
  0.62917003  0.02787897  0.25386948  1.2533601   0.33270222 -1.21175707
  1.25364673  0.91623583  0.54166174  1.37441441]",105
[0. 0. 0. 0. 0. 0. 0. 0. 0. 0. 0. 0. 0. 0. 0. 0.],"[-0.08132809  0.12339084  1.32765858 -0.68684461 -0.283809    0.09203665
  0.61389679  0.04315221  0.23859624  1.23808687  0.34797546 -1.22703031
  1.23837349  0.93150907  0.55693498  1.35914117]",106
[0. 0. 0. 0. 0. 0. 0. 0. 0. 0. 0. 0. 0. 0. 0. 0.],"[-0.06305674  0.10511948  1.34592994 -0.70511597 -0.26553764  0.11030801
  0.63216815  0.02488085  0.2568676   1.21981551  0.3297041  -1.24530167
  1.22010213  0.94978042  0.53866363  1.37741253]",107
[0. 0. 0. 0. 0. 0. 0. 0. 0. 0. 0. 0. 0. 0. 0. 0.],"[ 0.0015368   0.04052595  1.41052347 -0.64052244 -0.33013117  0.17490154
  0.56757461 -0.03971268  0.32146113  1.28440904  0.39429763 -1.3098952
  1.1555086   1.01437396  0.47407009  1.31281899]",108
[0. 0. 0. 0. 0. 0. 0. 0. 0. 0. 0. 0. 0. 0. 0. 0.],"[-0.02095125  0.063014    1.38803542 -0.61803439 -0.35261922  0.19738959
  0.54508657 -0.01722464  0.29897309  1.30689709  0.41678568 -1.28740716
  1.17799664  0.99188591  0.49655814  1.33530704]",109
[0. 0. 0. 0. 0. 0. 0. 0. 0. 0. 0. 0. 0. 0. 0. 0.],"[-0.0502307   0.09229345  1.41731488 -0.58875494 -0.38189867  0.16811013
  0.51580712  0.01205482  0.32825254  1.27761763  0.44606513 -1.2581277
  1.2072761   0.96260646  0.52583759  1.36458649]",110
[0. 0. 0. 0. 0. 0. 0. 0. 0. 0. 0. 0. 0. 0. 0. 0.],"[-0.08342402  0.05910014  1.45050819 -0.55556162 -0.34870536  0.13491682
  0.4826138   0.04524813  0.36144585  1.24442432  0.41287182 -1.22493439
  1.24046941  0.92941314  0.49264428  1.39777981]",111
[0. 0. 0. 0. 0. 0. 0. 0. 0. 0. 0. 0. 0. 0. 0. 0.],"[-0.0713061   0.07121805  1.4626261  -0.56767954 -0.33658745  0.14703473
  0.49473172  0.03313022  0.34932794  1.25654223  0.40075391 -1.2370523
  1.25258732  0.91729523  0.48052637  1.40989772]",112
[0. 0. 0. 0. 0. 0. 0. 0. 0. 0. 0. 0. 0. 0. 0. 0.],"[-0.08481446  0.08472641  1.47613446 -0.5811879  -0.32307909  0.16054309
  0.48122336  0.04663857  0.33581958  1.24303388  0.41426226 -1.22354395
  1.23907897  0.93080359  0.49403472  1.39638936]",113
[0. 0. 0. 0. 0. 0. 0. 0. 0. 0. 0. 0. 0. 0. 0. 0.],"[-0.1190916   0.11900355  1.5104116  -0.61546503 -0.35735623  0.12626595
  0.5155005   0.08091571  0.30154244  1.20875674  0.37998512 -1.25782108
  1.27335611  0.96508073  0.45975758  1.36211222]",114
[0. 0. 0. 0. 0. 0. 0. 0. 0. 0. 0. 0. 0. 0. 0. 0.],"[-0.16120218  0.16111413  1.46830102 -0.57335445 -0.39946681  0.08415537
  0.47338992  0.03880513  0.34365303  1.16664615  0.33787454 -1.2157105
  1.31546669  0.92297015  0.50186816  1.4042228 ]",115
[0. 0. 0. 0. 0. 0. 0. 0. 0. 0. 0. 0. 0. 0. 0. 0.],"[-0.13482909  0.13474104  1.44192793 -0.59972755 -0.4258399   0.05778227
  0.44701682  0.01243204  0.31727993  1.14027306  0.36424764 -1.2420836
  1.2890936   0.89659705  0.47549507  1.37784971]",116
[0. 0. 0. 0. 0. 0. 0. 0. 0. 0. 0. 0. 0. 0. 0. 0.],"[-0.17067113  0.17058307  1.40608589 -0.63556958 -0.38999787  0.02194024
  0.48285886 -0.02341     0.28143789  1.1761151   0.40008967 -1.20624156
  1.32493563  0.86075502  0.43965303  1.41369175]",117
[0. 0. 0. 0. 0. 0. 0. 0. 0. 0. 0. 0. 0. 0. 0. 0.],"[-0.18838193  0.15287227  1.4237967  -0.65328039 -0.37228706  0.03965104
  0.46514806 -0.00569919  0.2991487   1.19382591  0.41780048 -1.18853075
  1.34264644  0.84304421  0.45736384  1.43140255]",118
[0. 0. 0. 0. 0. 0. 0. 0. 0. 0. 0. 0. 0. 0. 0. 0.],"[-0.27884605  0.06240814  1.51426082 -0.74374451 -0.28182294 -0.05081308
  0.37468393 -0.09616331  0.20868458  1.10336178  0.5082646  -1.27899488
  1.25218232  0.75258009  0.36689972  1.34093843]",119
[0. 0. 0. 0. 0. 0. 0. 0. 0. 0. 0. 0. 0. 0. 0. 0.],"[-0.37067498  0.15423707  1.60608974 -0.65191559 -0.18999402 -0.142642
  0.28285501 -0.18799224  0.11685566  1.01153286  0.41643568 -1.3708238
  1.1603534   0.66075117  0.45872864  1.24910951]",120
[0. 0. 0. 0. 0. 0. 0. 0. 0. 0. 0. 0. 0. 0. 0. 0.],"[-0.37695549  0.14795655  1.59980923 -0.6581961  -0.19627453 -0.14892251
  0.2765745  -0.19427275  0.12313617  1.01781337  0.41015517 -1.36454329
  1.15407288  0.66703168  0.46500915  1.242829  ]",121
[0. 0. 0. 0. 0. 0. 0. 0. 0. 0. 0. 0. 0. 0. 0. 0.],"[-0.39064592  0.13426612  1.5861188  -0.67188653 -0.20996496 -0.13523208
  0.29026493 -0.20796318  0.10944574  1.0315038   0.39646474 -1.37823371
  1.14038246  0.65334125  0.47869958  1.25651943]",122
[0. 0. 0. 0. 0. 0. 0. 0. 0. 0. 0. 0. 0. 0. 0. 0.],"[-0.48204481  0.22566502  1.67751769 -0.58048764 -0.11856606 -0.22663098
  0.38166382 -0.29936207  0.20084464  0.94010491  0.30506585 -1.28683482
  1.23178135  0.56194235  0.57009847  1.16512053]",123
[0. 0. 0. 0. 0. 0. 0. 0. 0. 0. 0. 0. 0. 0. 0. 0.],"[-0.46300449  0.2066247   1.69655802 -0.56144731 -0.09952574 -0.2456713
  0.3626235  -0.28032175  0.21988496  0.92106458  0.32410617 -1.30587514
  1.21274103  0.58098268  0.55105815  1.18416086]",124
[0. 0. 0. 0. 0. 0. 0. 0. 0. 0. 0. 0. 0. 0. 0. 0.],"[-0.45602029  0.21360889  1.70354222 -0.56843151 -0.09254154 -0.2386871
  0.3556393  -0.28730595  0.21290076  0.91408039  0.33109037 -1.31285934
  1.20575683  0.57399848  0.55804235  1.17717666]",125
[0. 0. 0. 0. 0. 0. 0. 0. 0. 0. 0. 0. 0. 0. 0. 0.],"[-0.53782177  0.13180742  1.78534369 -0.65023299 -0.17434302 -0.32048858
  0.43744078 -0.36910742  0.29470224  0.99588186  0.41289184 -1.39466082
  1.28755831  0.492197    0.47624087  1.09537518]",126
[0. 0. 0. 0. 0. 0. 0. 0. 0. 0. 0. 0. 0. 0. 0. 0.],"[-0.5759821   0.16996775  1.82350402 -0.68839332 -0.21250334 -0.28232825
  0.47560111 -0.40726775  0.33286257  0.95772153  0.37473151 -1.35650049
  1.32571863  0.45403667  0.5144012   1.05721485]",127
[0. 0. 0. 0. 0. 0. 0. 0. 0. 0. 0. 0. 0. 0. 0. 0.],"[-0.6059617   0.13998815  1.85348362 -0.65841372 -0.18252374 -0.25234865
  0.44562151 -0.43724735  0.30288297  0.92774193  0.40471111 -1.32652089
  1.35569823  0.48401627  0.4844216   1.08719445]",128
[0. 0. 0. 0. 0. 0. 0. 0. 0. 0. 0. 0. 0. 0. 0. 0.],"[-0.60723957  0.13871027  1.85220574 -0.65713584 -0.18124587 -0.25362653
  0.44689938 -0.43852523  0.30160509  0.92901981  0.40343324 -1.32524301
  1.35697611  0.48529415  0.48569948  1.08591658]",129
[0. 0. 0. 0. 0. 0. 0. 0. 0. 0. 0. 0. 0. 0. 0. 0.],"[-0.64857139  0.18004209  1.89353756 -0.61580402 -0.22257769 -0.21229471
  0.4882312  -0.39719341  0.26027327  0.88768799  0.44476506 -1.28391119
  1.39830793  0.44396233  0.5270313   1.04458476]",130
[0. 0. 0. 0. 0. 0. 0. 0. 0. 0. 0. 0. 0. 0. 0. 0.],"[-0.67635769  0.20782839  1.86575127 -0.58801772 -0.19479139 -0.18450841
  0.5160175  -0.42497971  0.23248697  0.91547429  0.41697876 -1.25612489
  1.42609423  0.47174863  0.499245    1.07237106]",131
[0. 0. 0. 0. 0. 0. 0. 0. 0. 0. 0. 0. 0. 0. 0. 0.],"[-0.63887709  0.24530899  1.90323186 -0.55053713 -0.23227199 -0.14702781
  0.5534981  -0.4624603   0.19500638  0.87799369  0.45445936 -1.29360549
  1.46357482  0.50922923  0.4617644   1.03489046]",132
[0. 0. 0. 0. 0. 0. 0. 0. 0. 0. 0. 0. 0. 0. 0. 0.],"[-0.65053728  0.23364879  1.91489206 -0.53887693 -0.2206118  -0.15868801
  0.5418379  -0.4741205   0.20666657  0.88965388  0.46611955 -1.30526569
  1.47523502  0.52088942  0.45010421  1.02323026]",133
[0. 0. 0. 0. 0. 0. 0. 0. 0. 0. 0. 0. 0. 0. 0. 0.],"[-0.62727336  0.25691271  1.89162814 -0.51561301 -0.24387571 -0.18195193
  0.56510182 -0.45085658  0.22993049  0.86638996  0.44285563 -1.32852961
  1.4519711   0.4976255   0.47336813  0.99996634]",134
[0. 0. 0. 0. 0. 0. 0. 0. 0. 0. 0. 0. 0. 0. 0. 0.],"[-0.62919892  0.25883826  1.89355369 -0.51753857 -0.24195016 -0.18387748
  0.56317627 -0.44893102  0.23185604  0.86831552  0.44478118 -1.33045516
  1.45389665  0.49569995  0.47144258  1.0018919 ]",135
[0. 0. 0. 0. 0. 0. 0. 0. 0. 0. 0. 0. 0. 0. 0. 0.],"[-0.62377765  0.26425954  1.89897496 -0.52295984 -0.24737143 -0.18929875
  0.56859754 -0.45435229  0.22643477  0.86289425  0.43935991 -1.33587643
  1.44847538  0.50112122  0.47686385  0.99647063]",136
[0. 0. 0. 0. 0. 0. 0. 0. 0. 0. 0. 0. 0. 0. 0. 0.],"[-0.60887039  0.27916679  1.88406771 -0.53786709 -0.23246418 -0.17439149
  0.5835048  -0.46925955  0.24134203  0.84798699  0.42445266 -1.35078369
  1.46338264  0.51602847  0.4917711   1.01137788]",137
[0. 0. 0. 0. 0. 0. 0. 0. 0. 0. 0. 0. 0. 0. 0. 0.],"[-0.64335133  0.24468585  1.91854865 -0.57234803 -0.26694512 -0.13991055
  0.61798574 -0.50374049  0.20686109  0.88246793  0.4589336  -1.38526463
  1.49786358  0.55050941  0.45729016  0.97689694]",138
[0. 0. 0. 0. 0. 0. 0. 0. 0. 0. 0. 0. 0. 0. 0. 0.],"[-0.64685344  0.24118374  1.92205076 -0.57585014 -0.27044723 -0.13640844
  0.62148785 -0.5072426   0.20335898  0.88597004  0.46243571 -1.38876674
  1.49436147  0.55401152  0.46079227  0.98039905]",139
[0. 0. 0. 0. 0. 0. 0. 0. 0. 0. 0. 0. 0. 0. 0. 0.],"[-0.66425113  0.25858142  1.90465307 -0.55845246 -0.28784491 -0.15380613
  0.63888553 -0.48984492  0.18596129  0.90336772  0.47983339 -1.40616442
  1.47696378  0.53661384  0.47818995  0.96300137]",140
[0. 0. 0. 0. 0. 0. 0. 0. 0. 0. 0. 0. 0. 0. 0. 0.],"[-0.69329045  0.2295421   1.9336924  -0.58749178 -0.25880559 -0.18284545
  0.60984621 -0.51888424  0.21500062  0.8743284   0.45079407 -1.37712509
  1.50600311  0.56565316  0.44915063  0.99204069]",141
[0. 0. 0. 0. 0. 0. 0. 0. 0. 0. 0. 0. 0. 0. 0. 0.],"[-0.71314982  0.20968273  1.95355177 -0.56763241 -0.27866496 -0.20270483
  0.58998683 -0.53874361  0.23485999  0.85446903  0.43093469 -1.39698447
  1.52586248  0.54579379  0.42929126  1.01190007]",142
[0. 0. 0. 0. 0. 0. 0. 0. 0. 0. 0. 0. 0. 0. 0. 0.],"[-0.69923938  0.22359317  1.96746222 -0.58154286 -0.2925754  -0.21661527
  0.57607639 -0.52483317  0.22094955  0.84055858  0.41702425 -1.41089491
  1.53977293  0.55970424  0.4432017   1.02581051]",143
[0. 0. 0. 0. 0. 0. 0. 0. 0. 0. 0. 0. 0. 0. 0. 0.],"[-0.72417533  0.24852912  1.94252627 -0.55660691 -0.26763946 -0.19167932
  0.55114044 -0.54976912  0.24588549  0.81562263  0.3920883  -1.43583086
  1.56470888  0.53476829  0.46813765  1.05074646]",144
[0. 0. 0. 0. 0. 0. 0. 0. 0. 0. 0. 0. 0. 0. 0. 0.],"[-0.7060653   0.26663915  1.9606363  -0.57471694 -0.28574949 -0.20978935
  0.56925047 -0.53165909  0.22777547  0.7975126   0.37397827 -1.41772083
  1.54659885  0.51665826  0.45002762  1.06885649]",145
[0. 0. 0. 0. 0. 0. 0. 0. 0. 0. 0. 0. 0. 0. 0. 0.],"[-0.71800347  0.25470098  1.97257447 -0.56277877 -0.29768765 -0.19785118
  0.58118864 -0.51972092  0.23971364  0.78557443  0.38591644 -1.40578266
  1.53466068  0.50472009  0.43808945  1.05691832]",146
[0. 0. 0. 0. 0. 0. 0. 0. 0. 0. 0. 0. 0. 0. 0. 0.],"[-0.74915951  0.22354493  1.94141842 -0.53162272 -0.26653161 -0.16669514
  0.61234468 -0.55087696  0.27086968  0.81673048  0.41707249 -1.43693871
  1.50350463  0.53587614  0.40693341  1.02576227]",147
[0. 0. 0. 0. 0. 0. 0. 0. 0. 0. 0. 0. 0. 0. 0. 0.],"[-0.75612225  0.23050767  1.94838116 -0.52465999 -0.25956888 -0.1597324
  0.61930742 -0.5578397   0.27783241  0.82369321  0.42403522 -1.44390144
  1.51046737  0.54283887  0.41389614  1.01879954]",148
[0. 0. 0. 0. 0. 0. 0. 0. 0. 0. 0. 0. 0. 0. 0. 0.],"[-0.77828757  0.25267299  1.92621583 -0.54682531 -0.23740355 -0.18189773
  0.59714209 -0.53567437  0.25566709  0.80152789  0.4018699  -1.42173612
  1.53263269  0.5650042   0.39173082  0.99663421]",149
[0. 0. 0. 0. 0. 0. 0. 0. 0. 0. 0. 0. 0. 0. 0. 0.],"[-0.77516697  0.24955239  1.92933643 -0.54994591 -0.23428295 -0.17877713
  0.60026269 -0.53879497  0.25254649  0.79840729  0.40499049 -1.42485671
  1.53575329  0.56812479  0.38861022  0.99351362]",150
[0. 0. 0. 0. 0. 0. 0. 0. 0. 0. 0. 0. 0. 0. 0. 0.],"[-0.78544053  0.25982595  1.93960998 -0.53967236 -0.24455651 -0.18905069
  0.61053624 -0.52852142  0.24227294  0.80868085  0.41526405 -1.43513027
  1.54602684  0.57839835  0.37833666  0.98324006]",151
[0. 0. 0. 0. 0. 0. 0. 0. 0. 0. 0. 0. 0. 0. 0. 0.],"[-0.79150702  0.25375946  1.94567647 -0.54573885 -0.250623   -0.19511718
  0.61660273 -0.53458791  0.24833943  0.81474734  0.40919756 -1.44119676
  1.53996035  0.57233186  0.38440315  0.98930655]",152
[0. 0. 0. 0. 0. 0. 0. 0. 0. 0. 0. 0. 0. 0. 0. 0.],"[-0.78017799  0.26508849  1.9570055  -0.55706787 -0.23929397 -0.18378815
  0.62793176 -0.52325888  0.2370104   0.82607637  0.42052659 -1.42986773
  1.55128938  0.56100283  0.37307412  0.97797752]",153
[0. 0. 0. 0. 0. 0. 0. 0. 0. 0. 0. 0. 0. 0. 0. 0.],"[-0.77966545  0.26457595  1.95751804 -0.55655534 -0.23980651 -0.18327561
  0.6284443  -0.52274634  0.23752294  0.82556383  0.42103913 -1.42935519
  1.55077684  0.56049029  0.37256159  0.97746499]",154
[0. 0. 0. 0. 0. 0. 0. 0. 0. 0. 0. 0. 0. 0. 0. 0.],"[-0.77684228  0.26175278  1.96034121 -0.55937851 -0.23698334 -0.18609878
  0.62562113 -0.52556951  0.23469977  0.82274066  0.41821596 -1.43217836
  1.55360001  0.55766712  0.36973842  0.97464182]",155
[0. 0. 0. 0. 0. 0. 0. 0. 0. 0. 0. 0. 0. 0. 0. 0.],"[-0.75775852  0.28083654  1.97942497 -0.57846226 -0.25606709 -0.20518254
  0.64470489 -0.54465327  0.25378353  0.8036569   0.3991322  -1.45126212
  1.53451626  0.57675088  0.38882217  0.99372557]",156
[0. 0. 0. 0. 0. 0. 0. 0. 0. 0. 0. 0. 0. 0. 0. 0.],"[-0.7823812   0.30545922  2.00404765 -0.55383959 -0.23144442 -0.18055986
  0.66932757 -0.56927595  0.2784062   0.77903422  0.37450952 -1.42663944
  1.50989358  0.60137356  0.41344485  1.01834825]",157
[0. 0. 0. 0. 0. 0. 0. 0. 0. 0. 0. 0. 0. 0. 0. 0.],"[-0.76856134  0.31927908  1.99022779 -0.56765945 -0.21762455 -0.16674
  0.68314743 -0.58309581  0.29222607  0.79285408  0.36068966 -1.41281958
  1.52371344  0.58755369  0.42726471  1.00452839]",158
[0. 0. 0. 0. 0. 0. 0. 0. 0. 0. 0. 0. 0. 0. 0. 0.],"[-0.7865079   0.30133252  1.97228122 -0.58560601 -0.19967799 -0.18468656
  0.70109399 -0.60104237  0.31017263  0.77490752  0.3427431  -1.39487302
  1.54166     0.56960713  0.44521128  1.02247495]",159
[0. 0. 0. 0. 0. 0. 0. 0. 0. 0. 0. 0. 0. 0. 0. 0.],"[-0.76993329  0.31790713  1.98885583 -0.5690314  -0.2162526  -0.16811195
  0.68451938 -0.61761698  0.29359802  0.75833291  0.35931771 -1.41144763
  1.52508539  0.55303252  0.42863667  1.03904956]",160
[0. 0. 0. 0. 0. 0. 0. 0. 0. 0. 0. 0. 0. 0. 0. 0.],"[-0.7907636   0.33873743  1.96802553 -0.54820109 -0.1954223  -0.14728164
  0.66368907 -0.59678667  0.27276771  0.7375026   0.38014801 -1.43227793
  1.54591569  0.57386283  0.40780636  1.01821926]",161
[0. 0. 0. 0. 0. 0. 0. 0. 0. 0. 0. 0. 0. 0. 0. 0.],"[-0.80926099  0.35723483  1.98652292 -0.5297037  -0.17692491 -0.12878425
  0.68218647 -0.61528407  0.25427032  0.71900521  0.36165062 -1.45077533
  1.56441309  0.55536543  0.42630375  1.03671665]",162
[0. 0. 0. 0. 0. 0. 0. 0. 0. 0. 0. 0. 0. 0. 0. 0.],"[-0.81840669  0.36638053  1.97737722 -0.52055799 -0.1677792  -0.13792995
  0.67304076 -0.62442977  0.26341602  0.70985951  0.37079632 -1.44162962
  1.57355879  0.56451114  0.43544946  1.04586236]",163
[0. 0. 0. 0. 0. 0. 0. 0. 0. 0. 0. 0. 0. 0. 0. 0.],"[-0.81820153  0.36617536  1.97758239 -0.52035283 -0.16798437 -0.13813512
  0.67283559 -0.62463494  0.26321086  0.70965434  0.37100149 -1.44142445
  1.57376396  0.5647163   0.43565462  1.04565719]",164
[0. 0. 0. 0. 0. 0. 0. 0. 0. 0. 0. 0. 0. 0. 0. 0.],"[-0.84216507  0.34221182  1.95361884 -0.49638928 -0.19194791 -0.16209866
  0.69679914 -0.64859848  0.2871744   0.73361788  0.39496503 -1.465388
  1.5977275   0.58867985  0.45961817  1.02169365]",165
[0. 0. 0. 0. 0. 0. 0. 0. 0. 0. 0. 0. 0. 0. 0. 0.],"[-0.84505722  0.34510397  1.95072669 -0.49349713 -0.19484007 -0.16499082
  0.69390698 -0.64570633  0.29006655  0.73072573  0.39207288 -1.46828015
  1.60061966  0.58578769  0.46251032  1.0245858 ]",166
[0. 0. 0. 0. 0. 0. 0. 0. 0. 0. 0. 0. 0. 0. 0. 0.],"[-0.81321626  0.37694494  1.98256766 -0.5253381  -0.22668103 -0.19683178
  0.72574795 -0.61386536  0.25822558  0.69888476  0.36023191 -1.43643918
  1.56877869  0.55394673  0.43066935  0.99274483]",167
[0. 0. 0. 0. 0. 0. 0. 0. 0. 0. 0. 0. 0. 0. 0. 0.],"[-0.789452    0.35318069  1.9588034  -0.54910235 -0.25044529 -0.22059604
  0.7495122  -0.63762961  0.28198984  0.67512051  0.33646766 -1.46020344
  1.54501444  0.53018247  0.4069051   1.01650909]",168
[0. 0. 0. 0. 0. 0. 0. 0. 0. 0. 0. 0. 0. 0. 0. 0.],"[-0.79944221  0.34319048  1.96879361 -0.53911214 -0.2604355  -0.23058625
  0.75950242 -0.6276394   0.29198005  0.6651303   0.32647745 -1.45021323
  1.53502422  0.52019226  0.41689531  1.0264993 ]",169
[0. 0. 0. 0. 0. 0. 0. 0. 0. 0. 0. 0. 0. 0. 0. 0.],"[-0.78386652  0.35876617  1.98436931 -0.52353645 -0.2448598  -0.21501056
  0.77507811 -0.61206371  0.30755574  0.68070599  0.34205314 -1.46578892
  1.51944853  0.53576796  0.432471    1.0109236 ]",170
[0. 0. 0. 0. 0. 0. 0. 0. 0. 0. 0. 0. 0. 0. 0. 0.],"[-0.77621623  0.35111587  1.97671901 -0.53118674 -0.23720951 -0.20736026
  0.76742781 -0.61971401  0.29990544  0.67305569  0.33440285 -1.47343921
  1.51179824  0.54341825  0.42482071  1.00327331]",171
[0. 0. 0. 0. 0. 0. 0. 0. 0. 0. 0. 0. 0. 0. 0. 0.],"[-0.7685865   0.34348615  1.96908928 -0.53881647 -0.24483923 -0.19973053
  0.77505754 -0.62734373  0.30753517  0.68068542  0.32677312 -1.46580949
  1.51942796  0.55104798  0.41719098  0.99564358]",172
[0. 0. 0. 0. 0. 0. 0. 0. 0. 0. 0. 0. 0. 0. 0. 0.],"[-0.77295666  0.33911599  1.96471912 -0.54318663 -0.24046907 -0.2041007
  0.7794277  -0.62297357  0.31190533  0.68505558  0.32240296 -1.46143933
  1.5150578   0.55541814  0.42156115  1.00001375]",173
[0. 0. 0. 0. 0. 0. 0. 0. 0. 0. 0. 0. 0. 0. 0. 0.],"[-0.78485561  0.32721704  1.95282018 -0.53128769 -0.22857013 -0.21599964
  0.76752876 -0.63487251  0.32380427  0.69695452  0.3343019  -1.44954038
  1.52695674  0.56731708  0.43346009  0.9881148 ]",174
[0. 0. 0. 0. 0. 0. 0. 0. 0. 0. 0. 0. 0. 0. 0. 0.],"[-0.77674756  0.319109    1.94471214 -0.52317965 -0.23667817 -0.22410768
  0.7756368  -0.62676447  0.33191232  0.68884648  0.32619386 -1.45764843
  1.53506478  0.55920904  0.44156813  0.99622285]",175
[0. 0. 0. 0. 0. 0. 0. 0. 0. 0. 0. 0. 0. 0. 0. 0.],"[-0.76846339  0.31082483  1.95299631 -0.53146382 -0.228394   -0.21582351
  0.78392097 -0.6184803   0.32362815  0.68056231  0.33447803 -1.4659326
  1.52678061  0.55092487  0.4498523   1.00450702]",176
[0. 0. 0. 0. 0. 0. 0. 0. 0. 0. 0. 0. 0. 0. 0. 0.],"[-0.76887011  0.31041811  1.95340303 -0.53187054 -0.22798728 -0.21623023
  0.78432769 -0.61888702  0.32403487  0.68096903  0.33407131 -1.46633932
  1.52718733  0.55133159  0.45025902  1.0041003 ]",177
[0. 0. 0. 0. 0. 0. 0. 0. 0. 0. 0. 0. 0. 0. 0. 0.],"[-0.76786919  0.30941719  1.95440395 -0.53086962 -0.2289882  -0.21723116
  0.78532861 -0.61988794  0.32503579  0.68196996  0.33307038 -1.46734024
  1.52818826  0.55233251  0.45125994  1.00510122]",178
[0. 0. 0. 0. 0. 0. 0. 0. 0. 0. 0. 0. 0. 0. 0. 0.],"[-0.76185679  0.31542959  1.96041635 -0.52485722 -0.2350006  -0.21121876
  0.77931622 -0.61387554  0.33104819  0.68798236  0.33908278 -1.47335264
  1.53420066  0.54632011  0.45727234  0.99908882]",179
[0. 0. 0. 0. 0. 0. 0. 0. 0. 0. 0. 0. 0. 0. 0. 0.],"[-0.76280289  0.31637568  1.96136245 -0.52391112 -0.23405451 -0.21027266
  0.77837012 -0.61482164  0.3301021   0.68703626  0.33813669 -1.47429873
  1.53325456  0.54537402  0.45821844  0.99814273]",180
[0. 0. 0. 0. 0. 0. 0. 0. 0. 0. 0. 0. 0. 0. 0. 0.],"[-0.77820187  0.30097669  1.94596346 -0.50851214 -0.24945349 -0.19487368
  0.79376911 -0.59942265  0.31470311  0.70243525  0.3227377  -1.48969772
  1.51785558  0.52997503  0.47361742  1.01354171]",181
[0. 0. 0. 0. 0. 0. 0. 0. 0. 0. 0. 0. 0. 0. 0. 0.],"[-0.76764892  0.31152964  1.95651641 -0.49795919 -0.23890054 -0.20542663
  0.80432206 -0.6099756   0.32525606  0.6918823   0.31218475 -1.47914477
  1.52840853  0.51942208  0.48417037  1.02409466]",182
[0. 0. 0. 0. 0. 0. 0. 0. 0. 0. 0. 0. 0. 0. 0. 0.],"[-0.78313844  0.29604012  1.94102689 -0.48246967 -0.25439006 -0.22091615
  0.81981158 -0.62546512  0.34074558  0.70737182  0.32767427 -1.49463429
  1.54389805  0.50393256  0.49965989  1.03958418]",183
[0. 0. 0. 0. 0. 0. 0. 0. 0. 0. 0. 0. 0. 0. 0. 0.],"[-0.777329    0.30184956  1.94683633 -0.47666023 -0.24858062 -0.21510671
  0.81400214 -0.61965568  0.33493614  0.71318126  0.32186483 -1.48882485
  1.54970749  0.49812312  0.50546934  1.04539362]",184
[0. 0. 0. 0. 0. 0. 0. 0. 0. 0. 0. 0. 0. 0. 0. 0.],"[-0.78641605  0.31093662  1.95592338 -0.46757317 -0.25766767 -0.22419376
  0.80491509 -0.61056863  0.32584909  0.70409421  0.33095188 -1.4797378
  1.55879454  0.50721017  0.51455639  1.05448067]",185
[0. 0. 0. 0. 0. 0. 0. 0. 0. 0. 0. 0. 0. 0. 0. 0.],"[-0.79711217  0.32163273  1.9666195  -0.47826929 -0.24697156 -0.23488988
  0.79421897 -0.62126475  0.31515297  0.71479032  0.341648   -1.49043391
  1.56949066  0.49651406  0.5252525   1.04378456]",186
[0. 0. 0. 0. 0. 0. 0. 0. 0. 0. 0. 0. 0. 0. 0. 0.],"[-0.80103372  0.32555428  1.96269795 -0.48219084 -0.24305001 -0.23096833
  0.79029742 -0.6173432   0.31907452  0.71086878  0.33772645 -1.49435546
  1.57341221  0.50043561  0.52133095  1.04770611]",187
[0. 0. 0. 0. 0. 0. 0. 0. 0. 0. 0. 0. 0. 0. 0. 0.],"[-0.81290023  0.33742079  1.95083144 -0.47032433 -0.2311835  -0.21910182
  0.80216393 -0.62920971  0.30720801  0.72273528  0.32585994 -1.50622197
  1.58527871  0.51230211  0.53319746  1.0358396 ]",188
[0. 0. 0. 0. 0. 0. 0. 0. 0. 0. 0. 0. 0. 0. 0. 0.],"[-0.81140173  0.33592229  1.94933294 -0.47182283 -0.232682   -0.22060032
  0.80366243 -0.63070821  0.30870651  0.72123678  0.32436144 -1.50472347
  1.58378021  0.51080361  0.53169896  1.0373381 ]",189
[0. 0. 0. 0. 0. 0. 0. 0. 0. 0. 0. 0. 0. 0. 0. 0.],"[-0.79171085  0.35561316  1.92964207 -0.49151371 -0.21299113 -0.24029119
  0.8233533  -0.65039908  0.28901564  0.74092766  0.34405232 -1.4850326
  1.60347109  0.53049449  0.51200809  1.01764723]",190
[0. 0. 0. 0. 0. 0. 0. 0. 0. 0. 0. 0. 0. 0. 0. 0.],"[-0.80075558  0.36465789  1.92059735 -0.48246898 -0.2039464  -0.24933592
  0.83239802 -0.64135436  0.29806036  0.74997238  0.33500759 -1.47598787
  1.61251581  0.53953921  0.50296337  1.02669195]",191
[0. 0. 0. 0. 0. 0. 0. 0. 0. 0. 0. 0. 0. 0. 0. 0.],"[-0.80907429  0.35633918  1.92891605 -0.49078769 -0.21226511 -0.25765463
  0.84071673 -0.64967307  0.28974165  0.75829109  0.32668888 -1.48430658
  1.6041971   0.54785792  0.51128207  1.03501066]",192
[0. 0. 0. 0. 0. 0. 0. 0. 0. 0. 0. 0. 0. 0. 0. 0.],"[-0.8036479   0.35091279  1.93434244 -0.48536131 -0.2176915  -0.25222824
  0.84614312 -0.64424668  0.29516804  0.75286471  0.3212625  -1.4788802
  1.59877072  0.54243154  0.50585569  1.04043704]",193
[0. 0. 0. 0. 0. 0. 0. 0. 0. 0. 0. 0. 0. 0. 0. 0.],"[-0.79900486  0.35555583  1.93898548 -0.49000435 -0.21304846 -0.25687128
  0.84150008 -0.63960365  0.290525    0.75750774  0.32590554 -1.47423716
  1.59412768  0.54707457  0.51049873  1.04508008]",194
[0. 0. 0. 0. 0. 0. 0. 0. 0. 0. 0. 0. 0. 0. 0. 0.],"[-0.78096269  0.37359801  1.95702765 -0.47196217 -0.19500628 -0.2388291
  0.85954226 -0.62156147  0.30856718  0.73946557  0.34394771 -1.49227934
  1.61216985  0.5290324   0.49245655  1.06312226]",195
[0. 0. 0. 0. 0. 0. 0. 0. 0. 0. 0. 0. 0. 0. 0. 0.],"[-0.79817647  0.35638422  1.93981387 -0.48917596 -0.21222007 -0.22161532
  0.87675604 -0.60434769  0.32578096  0.75667935  0.32673393 -1.50949312
  1.59495607  0.54624618  0.47524277  1.04590847]",196
[0. 0. 0. 0. 0. 0. 0. 0. 0. 0. 0. 0. 0. 0. 0. 0.],"[-0.80445968  0.36266743  1.94609708 -0.49545916 -0.20593686 -0.21533211
  0.88303925 -0.61063089  0.33206417  0.75039614  0.32045072 -1.51577633
  1.58867286  0.53996297  0.48152598  1.05219168]",197
[0. 0. 0. 0. 0. 0. 0. 0. 0. 0. 0. 0. 0. 0. 0. 0.],"[-0.7931692   0.35137695  1.93480659 -0.50674965 -0.19464638 -0.2266226
  0.89432973 -0.62192138  0.32077368  0.76168663  0.30916024 -1.52706681
  1.59996335  0.55125346  0.47023549  1.06348216]",198
[0. 0. 0. 0. 0. 0. 0. 0. 0. 0. 0. 0. 0. 0. 0. 0.],"[-0.78901056  0.34721831  1.93896523 -0.50259101 -0.19880502 -0.22246396
  0.89017109 -0.61776274  0.31661504  0.75752799  0.31331888 -1.53122545
  1.60412199  0.5554121   0.46607685  1.0676408 ]",199
[0. 0. 0. 0. 0. 0. 0. 0. 0. 0. 0. 0. 0. 0. 0. 0.],"[-0.78852815  0.34770071  1.93848283 -0.50307341 -0.19832261 -0.22294636
  0.89065349 -0.61824514  0.31613264  0.75704558  0.31283647 -1.53170786
  1.60460439  0.55492969  0.46655926  1.06812321]",200
