[0. 0. 0. 0. 0. 0. 0. 0. 0. 0. 0. 0. 0. 0. 0. 0.],"[0.82211654 0.65172647 0.00455052 0.0283145  0.87963709 0.00717288
 0.50437602 0.37748651 0.7711587  0.84795261 0.05143268 0.54916085
 0.40655758 0.39790837 0.77377238 0.58387695]",1
[0. 0. 0. 0. 0. 0. 0. 0. 0. 0. 0. 0. 0. 0. 0. 0.],"[ 0.61970178  0.4493117   0.20696529 -0.17410027  1.08205185  0.20958765
  0.70679079  0.17507175  0.56874394  0.64553784  0.25384745  0.34674608
  0.20414281  0.1954936   0.57135761  0.78629171]",2
[0. 0. 0. 0. 0. 0. 0. 0. 0. 0. 0. 0. 0. 0. 0. 0.],"[ 0.59387567  0.4234856   0.18113918 -0.19992637  1.10787796  0.18376154
  0.7326169   0.14924564  0.59457004  0.61971173  0.27967356  0.37257219
  0.1783167   0.16966749  0.59718372  0.76046561]",3
[0. 0. 0. 0. 0. 0. 0. 0. 0. 0. 0. 0. 0. 0. 0. 0.],"[ 0.38573393  0.21534385 -0.02700256  0.00821537  1.3160197  -0.0243802
  0.52447515  0.35738738  0.3864283   0.41156999  0.4878153   0.58071393
 -0.02982504 -0.03847425  0.38904198  0.55232386]",4
[0. 0. 0. 0. 0. 0. 0. 0. 0. 0. 0. 0. 0. 0. 0. 0.],"[ 0.18325924  0.01286916  0.17547213  0.21069006  1.51849439 -0.22685489
  0.72694984  0.55986207  0.18395361  0.2090953   0.69028999  0.37823924
  0.17264965 -0.24094894  0.18656729  0.75479855]",5
[0. 0. 0. 0. 0. 0. 0. 0. 0. 0. 0. 0. 0. 0. 0. 0.],"[ 0.41745108 -0.22132268  0.40966397  0.4448819   1.28430255 -0.46104673
  0.492758    0.32567023  0.41814545  0.44328714  0.45609815  0.1440474
  0.40684149 -0.47514078 -0.04762455  0.98899039]",6
[0. 0. 0. 0. 0. 0. 0. 0. 0. 0. 0. 0. 0. 0. 0. 0.],"[ 0.33728781 -0.30148595  0.3295007   0.36471863  1.36446582 -0.38088346
  0.57292127  0.24550697  0.49830872  0.36312387  0.53626142  0.06388414
  0.32667822 -0.55530405 -0.12778782  0.90882712]",7
[0. 0. 0. 0. 0. 0. 0. 0. 0. 0. 0. 0. 0. 0. 0. 0.],"[ 0.39119614 -0.24757761  0.38340903  0.3108103   1.31055749 -0.32697513
  0.51901294  0.2994153   0.55221705  0.41703221  0.59016975  0.0099758
  0.27276989 -0.50139572 -0.18169615  0.85491879]",8
[0. 0. 0. 0. 0. 0. 0. 0. 0. 0. 0. 0. 0. 0. 0. 0.],"[ 0.47440438 -0.33078585  0.46661727  0.22760206  1.39376572 -0.41018337
  0.4358047   0.21620706  0.63542528  0.50024044  0.67337798 -0.07323243
  0.35597812 -0.58460395 -0.26490439  0.93812703]",9
[0. 0. 0. 0. 0. 0. 0. 0. 0. 0. 0. 0. 0. 0. 0. 0.],"[ 0.46127324 -0.31765471  0.45348613  0.2407332   1.40689686 -0.4233145
  0.44893584  0.20307593  0.64855642  0.4871093   0.68650912 -0.0601013
  0.36910926 -0.59773509 -0.25177325  0.95125816]",10
[0. 0. 0. 0. 0. 0. 0. 0. 0. 0. 0. 0. 0. 0. 0. 0.],"[ 0.49117374 -0.34755522  0.42358563  0.21083269  1.37699636 -0.45321501
  0.47883634  0.17317542  0.61865591  0.4572088   0.71640963 -0.0900018
  0.39900977 -0.56783458 -0.22187275  0.92135766]",11
[0. 0. 0. 0. 0. 0. 0. 0. 0. 0. 0. 0. 0. 0. 0. 0.],"[ 0.39477602 -0.44395294  0.32718791  0.30723041  1.28059864 -0.35681729
  0.38243862  0.0767777   0.52225819  0.36081108  0.81280735 -0.18639952
  0.30261205 -0.6642323  -0.12547503  1.01775538]",12
[0. 0. 0. 0. 0. 0. 0. 0. 0. 0. 0. 0. 0. 0. 0. 0.],"[ 0.37958412 -0.45914484  0.311996    0.32242232  1.29579054 -0.34162538
  0.39763053  0.06158579  0.50706629  0.37600299  0.82799925 -0.20159143
  0.31780395 -0.67942421 -0.14066694  1.00256347]",13
[0. 0. 0. 0. 0. 0. 0. 0. 0. 0. 0. 0. 0. 0. 0. 0.],"[ 0.35533543 -0.43489615  0.28774731  0.34667101  1.32003923 -0.31737669
  0.42187922  0.0373371   0.53131498  0.3517543   0.85224794 -0.17734274
  0.34205264 -0.7036729  -0.11641825  1.02681216]",14
[0. 0. 0. 0. 0. 0. 0. 0. 0. 0. 0. 0. 0. 0. 0. 0.],"[ 0.36454948 -0.44411021  0.27853326  0.35588507  1.32925329 -0.30816264
  0.41266517  0.04655116  0.54052903  0.36096835  0.84303389 -0.16812868
  0.33283859 -0.69445885 -0.1256323   1.01759811]",15
[0. 0. 0. 0. 0. 0. 0. 0. 0. 0. 0. 0. 0. 0. 0. 0.],"[ 0.39322034 -0.47278107  0.2498624   0.3272142   1.35792415 -0.27949178
  0.38399431  0.0178803   0.51185817  0.33229749  0.81436303 -0.13945782
  0.30416773 -0.66578799 -0.09696144  1.04626897]",16
[0. 0. 0. 0. 0. 0. 0. 0. 0. 0. 0. 0. 0. 0. 0. 0.],"[ 0.41504435 -0.45095705  0.22803838  0.34903822  1.33610013 -0.25766776
  0.40581832 -0.00394372  0.53368218  0.31047347  0.83618704 -0.16128184
  0.32599174 -0.687612   -0.11878545  1.02444496]",17
[0. 0. 0. 0. 0. 0. 0. 0. 0. 0. 0. 0. 0. 0. 0. 0.],"[ 0.40116957 -0.43708227  0.2141636   0.33516343  1.34997492 -0.27154255
  0.41969311 -0.0178185   0.54755697  0.32434826  0.82231226 -0.17515662
  0.31211696 -0.70148679 -0.13266024  1.03831974]",18
[0. 0. 0. 0. 0. 0. 0. 0. 0. 0. 0. 0. 0. 0. 0. 0.],"[ 0.40506356 -0.44097626  0.2102696   0.33126944  1.34608093 -0.27543654
  0.4235871  -0.01392451  0.55145096  0.32045427  0.82620625 -0.17905062
  0.31601095 -0.69759279 -0.13655423  1.03442575]",19
[0. 0. 0. 0. 0. 0. 0. 0. 0. 0. 0. 0. 0. 0. 0. 0.],"[ 0.39783862 -0.4482012   0.20304466  0.3240445   1.33885599 -0.2682116
  0.43081204 -0.00669957  0.5586759   0.31322933  0.83343119 -0.17182568
  0.30878601 -0.69036785 -0.14377917  1.04165069]",20
[0. 0. 0. 0. 0. 0. 0. 0. 0. 0. 0. 0. 0. 0. 0. 0.],"[ 0.42194632 -0.47230891  0.17893696  0.29993679  1.31474828 -0.24410389
  0.40670434 -0.03080728  0.58278361  0.33733703  0.80932348 -0.14771797
  0.2846783  -0.66626015 -0.11967147  1.0657584 ]",21
[0. 0. 0. 0. 0. 0. 0. 0. 0. 0. 0. 0. 0. 0. 0. 0.],"[ 0.3884803  -0.50577493  0.14547094  0.26647077  1.3482143  -0.21063787
  0.37323832 -0.0642733   0.54931759  0.30387101  0.8427895  -0.18118399
  0.25121228 -0.69972617 -0.15313748  1.09922442]",22
[0. 0. 0. 0. 0. 0. 0. 0. 0. 0. 0. 0. 0. 0. 0. 0.],"[ 0.37518016 -0.49247478  0.15877109  0.25317062  1.33491415 -0.19733772
  0.38653847 -0.07757344  0.53601744  0.29057086  0.85608965 -0.16788384
  0.23791213 -0.71302631 -0.13983734  1.08592427]",23
[0. 0. 0. 0. 0. 0. 0. 0. 0. 0. 0. 0. 0. 0. 0. 0.],"[ 0.36629386 -0.50136108  0.14988479  0.24428433  1.34380045 -0.20622402
  0.37765217 -0.06868715  0.54490374  0.29945716  0.86497595 -0.17677014
  0.24679843 -0.70414002 -0.13095104  1.09481056]",24
[0. 0. 0. 0. 0. 0. 0. 0. 0. 0. 0. 0. 0. 0. 0. 0.],"[ 0.3653227  -0.50038992  0.15085595  0.24525548  1.34282929 -0.20719518
  0.37862333 -0.06771599  0.54587489  0.298486    0.86594711 -0.17579898
  0.24776959 -0.70316886 -0.1319222   1.09578172]",25
[0. 0. 0. 0. 0. 0. 0. 0. 0. 0. 0. 0. 0. 0. 0. 0.],"[ 0.36446942 -0.5012432   0.15000266  0.24610877  1.34368257 -0.2063419
  0.37947661 -0.06686271  0.54502161  0.29763272  0.86680039 -0.17665226
  0.2469163  -0.70402214 -0.13277548  1.096635  ]",26
[0. 0. 0. 0. 0. 0. 0. 0. 0. 0. 0. 0. 0. 0. 0. 0.],"[ 0.37437848 -0.49133413  0.1400936   0.25601783  1.35359164 -0.21625096
  0.38938568 -0.05695364  0.55493068  0.30754179  0.87670946 -0.18656133
  0.23700724 -0.71393121 -0.14268454  1.10654407]",27
[0. 0. 0. 0. 0. 0. 0. 0. 0. 0. 0. 0. 0. 0. 0. 0.],"[ 0.36789792 -0.4978147   0.13361303  0.24953727  1.3600722  -0.2097704
  0.39586624 -0.05047308  0.56141124  0.31402235  0.87022889 -0.18008076
  0.2434878  -0.72041177 -0.14916511  1.11302464]",28
[0. 0. 0. 0. 0. 0. 0. 0. 0. 0. 0. 0. 0. 0. 0. 0.],"[ 0.36662333 -0.49908929  0.13233844  0.24826268  1.36134679 -0.20849581
  0.39459165 -0.05174767  0.56013665  0.31529694  0.8689543  -0.18135535
  0.24476239 -0.72168636 -0.14789052  1.11429923]",29
[0. 0. 0. 0. 0. 0. 0. 0. 0. 0. 0. 0. 0. 0. 0. 0.],"[ 0.35953574 -0.4920017   0.12525085  0.24117508  1.36843439 -0.2155834
  0.40167924 -0.04466008  0.55304906  0.30820935  0.87604189 -0.18844295
  0.25184999 -0.71459877 -0.15497811  1.10721163]",30
[0. 0. 0. 0. 0. 0. 0. 0. 0. 0. 0. 0. 0. 0. 0. 0.],"[ 0.3644147  -0.48712274  0.12037189  0.23629612  1.36355542 -0.21070444
  0.4065582  -0.03978111  0.55792802  0.30333039  0.88092085 -0.19332191
  0.25672895 -0.71947773 -0.15985707  1.10233267]",31
[0. 0. 0. 0. 0. 0. 0. 0. 0. 0. 0. 0. 0. 0. 0. 0.],"[ 0.3840737  -0.46746373  0.10071288  0.25595513  1.38321443 -0.23036344
  0.42621721 -0.05944012  0.57758703  0.32298939  0.90057986 -0.21298091
  0.27638795 -0.69981873 -0.14019807  1.12199168]",32
[0. 0. 0. 0. 0. 0. 0. 0. 0. 0. 0. 0. 0. 0. 0. 0.],"[ 0.41603999 -0.43549745  0.0687466   0.28792141  1.41518071 -0.26232973
  0.45818349 -0.0914064   0.54562074  0.29102311  0.86861357 -0.18101463
  0.30835424 -0.66785245 -0.10823178  1.15395796]",33
[0. 0. 0. 0. 0. 0. 0. 0. 0. 0. 0. 0. 0. 0. 0. 0.],"[ 0.4504718  -0.40106563  0.03431478  0.2534896   1.3807489  -0.22789791
  0.42375168 -0.05697459  0.51118892  0.32545492  0.90304539 -0.14658281
  0.27392242 -0.63342063 -0.1426636   1.18838978]",34
[0. 0. 0. 0. 0. 0. 0. 0. 0. 0. 0. 0. 0. 0. 0. 0.],"[ 0.4560484  -0.40664223  0.02873818  0.247913    1.3751723  -0.22232131
  0.42932827 -0.05139799  0.51676552  0.33103152  0.89746879 -0.15215941
  0.27949902 -0.62784403 -0.137087    1.19396638]",35
[0. 0. 0. 0. 0. 0. 0. 0. 0. 0. 0. 0. 0. 0. 0. 0.],"[ 0.43797747 -0.42471316  0.01066725  0.22984206  1.35710136 -0.24039225
  0.41125734 -0.06946892  0.53483646  0.31296059  0.91553973 -0.17023034
  0.26142808 -0.6097731  -0.11901607  1.17589544]",36
[0. 0. 0. 0. 0. 0. 0. 0. 0. 0. 0. 0. 0. 0. 0. 0.],"[ 0.41585724 -0.40259294 -0.01145297  0.20772184  1.33498114 -0.26251247
  0.38913712 -0.09158915  0.51271624  0.29084036  0.8934195  -0.14811012
  0.28354831 -0.63189332 -0.14113629  1.19801566]",37
[0. 0. 0. 0. 0. 0. 0. 0. 0. 0. 0. 0. 0. 0. 0. 0.],"[ 0.44214164 -0.37630855 -0.03773736  0.18143745  1.30869675 -0.23622808
  0.41542151 -0.11787354  0.48643184  0.31712476  0.91970389 -0.12182573
  0.25726391 -0.65817771 -0.1148519   1.22430006]",38
[0. 0. 0. 0. 0. 0. 0. 0. 0. 0. 0. 0. 0. 0. 0. 0.],"[ 0.41716882 -0.40128136 -0.06271018  0.15646464  1.33366956 -0.21125527
  0.44039432 -0.09290073  0.46145903  0.29215194  0.89473108 -0.09685292
  0.28223673 -0.6332049  -0.13982471  1.19932724]",39
[0. 0. 0. 0. 0. 0. 0. 0. 0. 0. 0. 0. 0. 0. 0. 0.],"[ 0.4225411  -0.39590909 -0.06808245  0.15109236  1.33904183 -0.21662754
  0.43502205 -0.098273    0.45608676  0.29752422  0.88935881 -0.10222519
  0.27686445 -0.63857717 -0.14519698  1.19395497]",40
[0. 0. 0. 0. 0. 0. 0. 0. 0. 0. 0. 0. 0. 0. 0. 0.],"[ 0.39879712 -0.37216511 -0.09182643  0.17483634  1.36278581 -0.24037152
  0.41127807 -0.07452902  0.47983074  0.27378024  0.86561483 -0.07848121
  0.25312047 -0.61483319 -0.121453    1.17021099]",41
[0. 0. 0. 0. 0. 0. 0. 0. 0. 0. 0. 0. 0. 0. 0. 0.],"[ 0.38639368 -0.35976167 -0.10422987  0.1624329   1.37518925 -0.25277496
  0.42368151 -0.08693246  0.4674273   0.28618368  0.87801827 -0.09088465
  0.26552391 -0.60242976 -0.13385644  1.18261443]",42
[0. 0. 0. 0. 0. 0. 0. 0. 0. 0. 0. 0. 0. 0. 0. 0.],"[ 0.41862529 -0.39199327 -0.13646147  0.1946645   1.40742085 -0.22054335
  0.3914499  -0.11916406  0.4996589   0.25395208  0.84578667 -0.12311626
  0.29775552 -0.63466136 -0.10162484  1.21484603]",43
[0. 0. 0. 0. 0. 0. 0. 0. 0. 0. 0. 0. 0. 0. 0. 0.],"[ 0.43351926 -0.3770993  -0.15135544  0.20955848  1.42231483 -0.20564938
  0.37655593 -0.10427009  0.51455288  0.26884605  0.83089269 -0.10822228
  0.31264949 -0.64955533 -0.08673087  1.19995206]",44
[0. 0. 0. 0. 0. 0. 0. 0. 0. 0. 0. 0. 0. 0. 0. 0.],"[ 0.44947866 -0.3611399  -0.16731484  0.22551788  1.43827423 -0.18968998
  0.36059653 -0.12022949  0.53051227  0.25288665  0.81493329 -0.09226288
  0.29669009 -0.63359594 -0.07077147  1.21591146]",45
[0. 0. 0. 0. 0. 0. 0. 0. 0. 0. 0. 0. 0. 0. 0. 0.],"[ 0.42098967 -0.38962889 -0.19580383  0.25400686  1.40978524 -0.21817897
  0.38908552 -0.0917405   0.50202329  0.22439767  0.84342228 -0.12075187
  0.26820111 -0.66208492 -0.09926045  1.18742247]",46
[0. 0. 0. 0. 0. 0. 0. 0. 0. 0. 0. 0. 0. 0. 0. 0.],"[ 0.44106257 -0.36955598 -0.21587673  0.23393396  1.42985814 -0.23825187
  0.36901261 -0.0716676   0.52209619  0.20432477  0.86349518 -0.10067897
  0.2481282  -0.64201202 -0.07918755  1.20749537]",47
[0. 0. 0. 0. 0. 0. 0. 0. 0. 0. 0. 0. 0. 0. 0. 0.],"[ 0.4041224  -0.33261581 -0.2528169   0.27087414  1.39291797 -0.27519204
  0.40595279 -0.10860777  0.48515602  0.16738459  0.82655501 -0.06373879
  0.21118803 -0.60507185 -0.04224738  1.1705552 ]",48
[0. 0. 0. 0. 0. 0. 0. 0. 0. 0. 0. 0. 0. 0. 0. 0.],"[ 0.40965602 -0.33814943 -0.25835052  0.27640775  1.39845159 -0.28072566
  0.40041917 -0.11414139  0.49068963  0.17291821  0.82102139 -0.06927241
  0.21672165 -0.59953823 -0.047781    1.16502158]",49
[0. 0. 0. 0. 0. 0. 0. 0. 0. 0. 0. 0. 0. 0. 0. 0.],"[ 0.42912642 -0.35761983 -0.27782092  0.25693736  1.41792198 -0.30019606
  0.41988957 -0.13361179  0.51016003  0.15344781  0.80155099 -0.08874281
  0.23619205 -0.58006783 -0.06725139  1.14555118]",50
[0. 0. 0. 0. 0. 0. 0. 0. 0. 0. 0. 0. 0. 0. 0. 0.],"[ 0.42652693 -0.36021931 -0.2804204   0.25433788  1.42052146 -0.29759658
  0.42248905 -0.13101231  0.50756055  0.15604729  0.79895151 -0.09134229
  0.23359256 -0.58266731 -0.06465191  1.1429517 ]",51
[0. 0. 0. 0. 0. 0. 0. 0. 0. 0. 0. 0. 0. 0. 0. 0.],"[ 0.44034976 -0.34639648 -0.29424323  0.24051505  1.40669863 -0.31141941
  0.40866622 -0.14483513  0.52138338  0.16987012  0.81277434 -0.10516512
  0.21976974 -0.59649014 -0.05082908  1.15677453]",52
[0. 0. 0. 0. 0. 0. 0. 0. 0. 0. 0. 0. 0. 0. 0. 0.],"[ 3.90658320e-01 -2.96705035e-01 -3.43934672e-01  2.90206491e-01
  1.35700719e+00 -3.61110850e-01  4.58357663e-01 -9.51436908e-02
  5.71074823e-01  2.19561566e-01  8.62465785e-01 -5.54736742e-02
  1.70078292e-01 -5.46798698e-01 -1.13763974e-03  1.10708309e+00]",53
[0. 0. 0. 0. 0. 0. 0. 0. 0. 0. 0. 0. 0. 0. 0. 0.],"[ 0.38001635 -0.30734701 -0.3332927   0.27956452  1.34636522 -0.37175282
  0.46899964 -0.10578566  0.5817168   0.20891959  0.87310776 -0.06611565
  0.18072026 -0.55744067  0.00950433  1.09644111]",54
[0. 0. 0. 0. 0. 0. 0. 0. 0. 0. 0. 0. 0. 0. 0. 0.],"[ 0.35518627 -0.33217708 -0.35812277  0.30439459  1.32153514 -0.3965829
  0.49382971 -0.08095559  0.55688672  0.23374967  0.84827768 -0.04128557
  0.20555034 -0.5326106  -0.01532574  1.07161104]",55
[0. 0. 0. 0. 0. 0. 0. 0. 0. 0. 0. 0. 0. 0. 0. 0.],"[ 0.34327435 -0.34408901 -0.34621085  0.29248267  1.33344707 -0.40849482
  0.50574164 -0.09286752  0.54497479  0.22183774  0.86018961 -0.0531975
  0.21746227 -0.54452252 -0.00341381  1.08352297]",56
[0. 0. 0. 0. 0. 0. 0. 0. 0. 0. 0. 0. 0. 0. 0. 0.],"[ 0.38663268 -0.38744734 -0.38956918  0.24912433  1.3768054  -0.36513649
  0.54909997 -0.13622585  0.50161646  0.17847941  0.90354794 -0.00983917
  0.2608206  -0.58788085 -0.04677215  1.1268813 ]",57
[0. 0. 0. 0. 0. 0. 0. 0. 0. 0. 0. 0. 0. 0. 0. 0.],"[ 0.42332581 -0.35075421 -0.42626231  0.28581747  1.41349853 -0.40182963
  0.51240684 -0.17291898  0.53830959  0.14178628  0.94024107 -0.0465323
  0.29751373 -0.62457399 -0.01007901  1.16357443]",58
[0. 0. 0. 0. 0. 0. 0. 0. 0. 0. 0. 0. 0. 0. 0. 0.],"[ 0.42759878 -0.34648124 -0.43053528  0.29009043  1.40922557 -0.39755666
  0.50813387 -0.16864601  0.54258256  0.14605925  0.94451404 -0.04225933
  0.29324076 -0.62884695 -0.00580604  1.1678474 ]",59
[0. 0. 0. 0. 0. 0. 0. 0. 0. 0. 0. 0. 0. 0. 0. 0.],"[ 0.42032265 -0.33920512 -0.4378114   0.28281431  1.40194944 -0.40483278
  0.50085775 -0.17592213  0.54985869  0.13878312  0.93723792 -0.04953545
  0.30051688 -0.63612308  0.00147008  1.16057128]",60
[0. 0. 0. 0. 0. 0. 0. 0. 0. 0. 0. 0. 0. 0. 0. 0.],"[ 0.43384548 -0.35272795 -0.45133423  0.29633714  1.38842661 -0.41835561
  0.48733491 -0.1623993   0.56338152  0.15230595  0.92371509 -0.06305829
  0.28699405 -0.64964591  0.01499291  1.17409411]",61
[0. 0. 0. 0. 0. 0. 0. 0. 0. 0. 0. 0. 0. 0. 0. 0.],"[ 0.40315405 -0.38341938 -0.48202566  0.32702857  1.41911804 -0.44904704
  0.51802634 -0.13170787  0.53269009  0.12161452  0.89302366 -0.09374972
  0.25630262 -0.68033734  0.04568434  1.14340268]",62
[0. 0. 0. 0. 0. 0. 0. 0. 0. 0. 0. 0. 0. 0. 0. 0.],"[ 0.42776399 -0.40802931 -0.5066356   0.30241863  1.44372798 -0.47365698
  0.49341641 -0.15631781  0.50808015  0.14622446  0.9176336  -0.06913978
  0.28091256 -0.6557274   0.07029428  1.11879274]",63
[0. 0. 0. 0. 0. 0. 0. 0. 0. 0. 0. 0. 0. 0. 0. 0.],"[ 0.4346148  -0.41488013 -0.51348641  0.30926945  1.45057879 -0.46680617
  0.4865656  -0.149467    0.51493096  0.13937365  0.92448441 -0.06228897
  0.28776337 -0.64887659  0.07714509  1.12564355]",64
[0. 0. 0. 0. 0. 0. 0. 0. 0. 0. 0. 0. 0. 0. 0. 0.],"[ 0.4883658  -0.36112913 -0.5672374   0.25551845  1.39682779 -0.41305517
  0.54031659 -0.20321799  0.46117996  0.08562266  0.9782354  -0.00853797
  0.34151437 -0.59512559  0.13089608  1.07189255]",65
[0. 0. 0. 0. 0. 0. 0. 0. 0. 0. 0. 0. 0. 0. 0. 0.],"[ 0.47385307 -0.3466164  -0.58175013  0.24100572  1.38231507 -0.39854244
  0.55482932 -0.21773072  0.47569269  0.10013538  0.99274813  0.00597475
  0.32700164 -0.60963832  0.11638336  1.08640528]",66
[0. 0. 0. 0. 0. 0. 0. 0. 0. 0. 0. 0. 0. 0. 0. 0.],"[ 0.49649365 -0.36925698 -0.60439071  0.21836515  1.35967449 -0.37590187
  0.5774699  -0.19509014  0.49833327  0.12277596  1.01538871  0.02861533
  0.34964222 -0.58699774  0.09374278  1.10904586]",67
[0. 0. 0. 0. 0. 0. 0. 0. 0. 0. 0. 0. 0. 0. 0. 0.],"[ 0.49313256 -0.3658959  -0.60775179  0.21500406  1.36303557 -0.37926295
  0.57410881 -0.19172906  0.49497218  0.12613704  1.01874979  0.02525425
  0.3530033  -0.59035883  0.09710386  1.11240694]",68
[0. 0. 0. 0. 0. 0. 0. 0. 0. 0. 0. 0. 0. 0. 0. 0.],"[ 0.43322687 -0.42580159 -0.66765749  0.27490976  1.30312988 -0.43916865
  0.63401451 -0.25163475  0.55487788  0.18604274  1.07865548 -0.03465145
  0.29309761 -0.65026452  0.15700956  1.17231264]",69
[0. 0. 0. 0. 0. 0. 0. 0. 0. 0. 0. 0. 0. 0. 0. 0.],"[ 0.43504188 -0.4276166  -0.6694725   0.27309475  1.30131487 -0.44098365
  0.6321995  -0.25344976  0.55306287  0.18785775  1.07684048 -0.03283644
  0.2912826  -0.64844951  0.15882456  1.17412765]",70
[0. 0. 0. 0. 0. 0. 0. 0. 0. 0. 0. 0. 0. 0. 0. 0.],"[ 0.4319127  -0.42448742 -0.67260168  0.26996557  1.29818569 -0.43785447
  0.62907032 -0.25032058  0.55619205  0.18472857  1.0737113  -0.02970726
  0.28815342 -0.65157869  0.16195374  1.17725683]",71
[0. 0. 0. 0. 0. 0. 0. 0. 0. 0. 0. 0. 0. 0. 0. 0.],"[ 0.3913535  -0.46504662 -0.71316088  0.31052477  1.33874489 -0.47841367
  0.66962952 -0.29087978  0.59675125  0.14416937  1.1142705  -0.07026646
  0.32871262 -0.61101949  0.12139454  1.13669762]",72
[0. 0. 0. 0. 0. 0. 0. 0. 0. 0. 0. 0. 0. 0. 0. 0.],"[ 0.41844459 -0.49213771 -0.74025197  0.33761586  1.3116538  -0.45132259
  0.69672061 -0.31797087  0.62384234  0.17126046  1.14136159 -0.09735755
  0.35580371 -0.63811058  0.14848563  1.10960653]",73
[0. 0. 0. 0. 0. 0. 0. 0. 0. 0. 0. 0. 0. 0. 0. 0.],"[ 0.42848974 -0.50218287 -0.73020681  0.34766102  1.32169896 -0.46136774
  0.70676577 -0.30792572  0.6338875   0.1612153   1.13131643 -0.10740271
  0.34575855 -0.62806542  0.13844048  1.09956138]",74
[0. 0. 0. 0. 0. 0. 0. 0. 0. 0. 0. 0. 0. 0. 0. 0.],"[ 0.44102813 -0.48964449 -0.74274519  0.3601994   1.30916058 -0.44882936
  0.69422738 -0.29538733  0.62134912  0.14867692  1.14385481 -0.09486432
  0.33322017 -0.61552704  0.15097886  1.08702299]",75
[0. 0. 0. 0. 0. 0. 0. 0. 0. 0. 0. 0. 0. 0. 0. 0.],"[ 0.48578984 -0.53440619 -0.7875069   0.31543769  1.26439887 -0.49359107
  0.73898909 -0.25062562  0.66611083  0.19343862  1.18861652 -0.13962603
  0.37798188 -0.57076533  0.10621715  1.04226129]",76
[0. 0. 0. 0. 0. 0. 0. 0. 0. 0. 0. 0. 0. 0. 0. 0.],"[ 0.48588112 -0.53431491 -0.78759818  0.31534641  1.26449015 -0.49368235
  0.73889781 -0.25071691  0.66620211  0.19352991  1.1887078  -0.13953475
  0.3778906  -0.57085661  0.10630843  1.04235257]",77
[0. 0. 0. 0. 0. 0. 0. 0. 0. 0. 0. 0. 0. 0. 0. 0.],"[ 0.46603446 -0.55416157 -0.80744484  0.29549975  1.2446435  -0.4738357
  0.75874447 -0.27056356  0.68604876  0.21337656  1.20855446 -0.1196881
  0.39773725 -0.59070327  0.12615508  1.06219922]",78
[0. 0. 0. 0. 0. 0. 0. 0. 0. 0. 0. 0. 0. 0. 0. 0.],"[ 0.45139027 -0.53951737 -0.82208903  0.31014395  1.25928769 -0.4591915
  0.74410027 -0.28520775  0.67140457  0.22802075  1.19391026 -0.13433229
  0.41238144 -0.57605908  0.14079928  1.04755503]",79
[0. 0. 0. 0. 0. 0. 0. 0. 0. 0. 0. 0. 0. 0. 0. 0.],"[ 0.44388303 -0.53201013 -0.82959627  0.31765119  1.25178045 -0.46669874
  0.73659303 -0.27770051  0.66389733  0.22051351  1.2014175  -0.12682505
  0.4048742  -0.56855183  0.14830652  1.04004779]",80
[0. 0. 0. 0. 0. 0. 0. 0. 0. 0. 0. 0. 0. 0. 0. 0.],"[ 0.46023385 -0.54836095 -0.84594709  0.30130037  1.26813127 -0.45034793
  0.72024221 -0.26134969  0.68024814  0.23686433  1.18506668 -0.11047423
  0.42122502 -0.55220101  0.1319557   1.02369697]",81
[0. 0. 0. 0. 0. 0. 0. 0. 0. 0. 0. 0. 0. 0. 0. 0.],"[ 0.45574674 -0.55284806 -0.84145998  0.29681326  1.26364416 -0.45483503
  0.72472932 -0.25686259  0.67576104  0.24135144  1.18955379 -0.11496134
  0.41673791 -0.55668812  0.13644281  1.01920986]",82
[0. 0. 0. 0. 0. 0. 0. 0. 0. 0. 0. 0. 0. 0. 0. 0.],"[ 0.49147335 -0.51712145 -0.87718659  0.33253987  1.29937077 -0.49056164
  0.76045593 -0.29258919  0.64003443  0.27707805  1.15382718 -0.15068794
  0.45246452 -0.52096151  0.17216942  1.05493647]",83
[0. 0. 0. 0. 0. 0. 0. 0. 0. 0. 0. 0. 0. 0. 0. 0.],"[ 0.47132558 -0.49697369 -0.89733435  0.35268764  1.31951853 -0.47041388
  0.78060369 -0.31273696  0.66018219  0.25693028  1.17397495 -0.17083571
  0.47261229 -0.54110928  0.15202165  1.0347887 ]",84
[0. 0. 0. 0. 0. 0. 0. 0. 0. 0. 0. 0. 0. 0. 0. 0.],"[ 0.4884897  -0.47980957 -0.91449848  0.36985176  1.30235441 -0.487578
  0.79776781 -0.32990108  0.67734631  0.2740944   1.15681083 -0.15367159
  0.48977641 -0.5582734   0.13485753  1.01762458]",85
[0. 0. 0. 0. 0. 0. 0. 0. 0. 0. 0. 0. 0. 0. 0. 0.],"[ 0.47409154 -0.4654114  -0.90010031  0.35545359  1.28795624 -0.50197616
  0.81216598 -0.31550291  0.66294815  0.25969624  1.17120899 -0.13927342
  0.50417457 -0.54387523  0.1492557   1.03202275]",86
[0. 0. 0. 0. 0. 0. 0. 0. 0. 0. 0. 0. 0. 0. 0. 0.],"[ 0.45330358 -0.44462344 -0.92088827  0.37624155  1.3087442  -0.4811882
  0.83295394 -0.33629087  0.64216019  0.2804842   1.15042103 -0.16006138
  0.48338661 -0.56466319  0.12846774  1.05281071]",87
[0. 0. 0. 0. 0. 0. 0. 0. 0. 0. 0. 0. 0. 0. 0. 0.],"[ 0.4318478  -0.46607922 -0.94234404  0.35478577  1.33019998 -0.45973243
  0.81149816 -0.3148351   0.66361596  0.25902842  1.17187681 -0.1386056
  0.50484239 -0.58611897  0.14992352  1.03135493]",88
[0. 0. 0. 0. 0. 0. 0. 0. 0. 0. 0. 0. 0. 0. 0. 0.],"[ 0.42949304 -0.46372445 -0.94469881  0.35714054  1.32784521 -0.45737766
  0.8091434  -0.31718986  0.66597073  0.26138318  1.16952205 -0.14096037
  0.50719715 -0.5837642   0.15227828  1.0337097 ]",89
[0. 0. 0. 0. 0. 0. 0. 0. 0. 0. 0. 0. 0. 0. 0. 0.],"[ 0.45922149 -0.49345291 -0.97442726  0.32741209  1.35757367 -0.48710612
  0.83887185 -0.28746141  0.63624228  0.23165473  1.1992505  -0.11123192
  0.53692561 -0.55403575  0.18200673  1.00398124]",90
[0. 0. 0. 0. 0. 0. 0. 0. 0. 0. 0. 0. 0. 0. 0. 0.],"[ 0.4356671  -0.5170073  -0.99798165  0.35096648  1.33401928 -0.46355173
  0.86242624 -0.3110158   0.65979667  0.25520912  1.17569611 -0.13478631
  0.56048    -0.57759014  0.20556112  1.02753564]",91
[0. 0. 0. 0. 0. 0. 0. 0. 0. 0. 0. 0. 0. 0. 0. 0.],"[ 0.4336381  -0.5190363  -0.99595265  0.34893748  1.33199027 -0.46558073
  0.86039724 -0.3089868   0.66182567  0.25318012  1.17772511 -0.13681531
  0.562509   -0.57556114  0.20759012  1.02550663]",92
[0. 0. 0. 0. 0. 0. 0. 0. 0. 0. 0. 0. 0. 0. 0. 0.],"[ 0.45263942 -0.53803762 -1.01495397  0.3679388   1.3509916  -0.48458205
  0.87939856 -0.28998548  0.68082699  0.2341788   1.15872379 -0.11781399
  0.54350768 -0.55655982  0.1885888   1.04450796]",93
[0. 0. 0. 0. 0. 0. 0. 0. 0. 0. 0. 0. 0. 0. 0. 0.],"[ 0.42273626 -0.56794078 -1.04485713  0.33803564  1.32108844 -0.51448521
  0.90930172 -0.26008232  0.71073015  0.20427564  1.12882062 -0.14771715
  0.57341084 -0.52665666  0.15868564  1.07441112]",94
[0. 0. 0. 0. 0. 0. 0. 0. 0. 0. 0. 0. 0. 0. 0. 0.],"[ 0.4389516  -0.55172543 -1.06107248  0.35425098  1.30487309 -0.49826986
  0.89308638 -0.27629766  0.7269455   0.1880603   1.14503597 -0.1315018
  0.58962618 -0.51044132  0.1424703   1.05819577]",95
[0. 0. 0. 0. 0. 0. 0. 0. 0. 0. 0. 0. 0. 0. 0. 0.],"[ 0.47051897 -0.52015807 -1.09263984  0.32268362  1.27330573 -0.4667025
  0.86151901 -0.2447303   0.75851286  0.21962766  1.17660333 -0.09993444
  0.55805882 -0.47887395  0.17403766  1.08976313]",96
[0. 0. 0. 0. 0. 0. 0. 0. 0. 0. 0. 0. 0. 0. 0. 0.],"[ 0.46225764 -0.5284194  -1.08437851  0.31442229  1.2650444  -0.45844117
  0.85325769 -0.23646897  0.76677419  0.22788899  1.168342   -0.10819577
  0.54979749 -0.47061263  0.18229899  1.08150181]",97
[0. 0. 0. 0. 0. 0. 0. 0. 0. 0. 0. 0. 0. 0. 0. 0.],"[ 0.44389528 -0.54678176 -1.10274087  0.33278465  1.28340676 -0.44007881
  0.83489532 -0.21810661  0.78513655  0.24625135  1.14997964 -0.12655813
  0.56815985 -0.45225026  0.16393662  1.06313944]",98
[0. 0. 0. 0. 0. 0. 0. 0. 0. 0. 0. 0. 0. 0. 0. 0.],"[ 0.44044349 -0.54332998 -1.10619266  0.33623644  1.28685855 -0.43662702
  0.83144354 -0.21465482  0.78168476  0.24279956  1.15343143 -0.12310634
  0.56470807 -0.44879848  0.16048484  1.05968766]",99
[0. 0. 0. 0. 0. 0. 0. 0. 0. 0. 0. 0. 0. 0. 0. 0.],"[ 0.4419957  -0.54488219 -1.10774487  0.33778865  1.28530634 -0.43507481
  0.83299575 -0.21620703  0.78323697  0.24124735  1.15498364 -0.12155413
  0.56626028 -0.44724627  0.15893263  1.05813545]",100
[0. 0. 0. 0. 0. 0. 0. 0. 0. 0. 0. 0. 0. 0. 0. 0.],"[ 0.42867472 -0.53156121 -1.12106585  0.32446767  1.27198536 -0.42175383
  0.84631673 -0.22952801  0.79655795  0.22792637  1.14166266 -0.10823315
  0.5529393  -0.46056725  0.17225361  1.04481447]",101
[0. 0. 0. 0. 0. 0. 0. 0. 0. 0. 0. 0. 0. 0. 0. 0.],"[ 0.45504617 -0.50518975 -1.1474373   0.29809622  1.24561391 -0.44812529
  0.81994527 -0.20315656  0.7701865   0.20155492  1.16803411 -0.13460461
  0.52656784 -0.4869387   0.19862506  1.01844301]",102
[0. 0. 0. 0. 0. 0. 0. 0. 0. 0. 0. 0. 0. 0. 0. 0.],"[ 0.45746113 -0.50760471 -1.14502235  0.30051117  1.24319895 -0.44571033
  0.82236023 -0.20557151  0.76777154  0.20396987  1.16561915 -0.13701956
  0.5289828  -0.48452374  0.1962101   1.02085797]",103
[0. 0. 0. 0. 0. 0. 0. 0. 0. 0. 0. 0. 0. 0. 0. 0.],"[ 0.48137346 -0.53151704 -1.16893467  0.27659885  1.21928662 -0.46962266
  0.84627256 -0.22948384  0.79168387  0.18005755  1.18953148 -0.16093189
  0.50507047 -0.46061142  0.17229778  1.04477029]",104
[0. 0. 0. 0. 0. 0. 0. 0. 0. 0. 0. 0. 0. 0. 0. 0.],"[ 0.49553613 -0.51735436 -1.18309734  0.29076152  1.2334493  -0.45545998
  0.86043523 -0.24364651  0.77752119  0.19422022  1.17536881 -0.17509456
  0.51923315 -0.44644874  0.15813511  1.03060762]",105
[0. 0. 0. 0. 0. 0. 0. 0. 0. 0. 0. 0. 0. 0. 0. 0.],"[ 0.47223881 -0.49405704 -1.20639466  0.2674642   1.25674662 -0.4787573
  0.83713791 -0.22034919  0.75422387  0.1709229   1.19866613 -0.19839188
  0.54253047 -0.42315143  0.18143243  1.05390494]",106
[0. 0. 0. 0. 0. 0. 0. 0. 0. 0. 0. 0. 0. 0. 0. 0.],"[ 0.47493937 -0.4967576  -1.20909522  0.27016476  1.25944718 -0.48145786
  0.83443735 -0.21764863  0.75692443  0.16822234  1.20136669 -0.20109244
  0.54523103 -0.42585199  0.18413299  1.05120438]",107
[0. 0. 0. 0. 0. 0. 0. 0. 0. 0. 0. 0. 0. 0. 0. 0.],"[ 0.44943728 -0.52225969 -1.23459731  0.24466267  1.28494926 -0.50695995
  0.85993944 -0.19214654  0.78242652  0.14272025  1.22686878 -0.22659453
  0.57073312 -0.45135407  0.1586309   1.02570229]",108
[0. 0. 0. 0. 0. 0. 0. 0. 0. 0. 0. 0. 0. 0. 0. 0.],"[ 0.45027831 -0.52310072 -1.23375629  0.24382165  1.28410824 -0.50611893
  0.86078046 -0.19298757  0.78326755  0.14187923  1.22602775 -0.22743555
  0.56989209 -0.45051305  0.15947192  1.02486127]",109
[0. 0. 0. 0. 0. 0. 0. 0. 0. 0. 0. 0. 0. 0. 0. 0.],"[ 0.44398615 -0.52939288 -1.24004845  0.23752949  1.2904004  -0.51241109
  0.8544883  -0.18669541  0.77697539  0.14817139  1.23231991 -0.23372771
  0.56359993 -0.45680521  0.16576408  1.01856911]",110
[0. 0. 0. 0. 0. 0. 0. 0. 0. 0. 0. 0. 0. 0. 0. 0.],"[ 0.45525607 -0.5406628  -1.25131837  0.22625956  1.30167033 -0.50114116
  0.86575823 -0.17542548  0.78824532  0.15944131  1.22104998 -0.22245779
  0.55233    -0.46807513  0.15449416  1.00729918]",111
[0. 0. 0. 0. 0. 0. 0. 0. 0. 0. 0. 0. 0. 0. 0. 0.],"[ 0.43759318 -0.52299991 -1.26898127  0.20859667  1.31933322 -0.51880405
  0.88342112 -0.15776259  0.80590821  0.17710421  1.20338709 -0.24012068
  0.5699929  -0.45041224  0.17215705  1.02496208]",112
[0. 0. 0. 0. 0. 0. 0. 0. 0. 0. 0. 0. 0. 0. 0. 0.],"[ 0.44614183 -0.53154856 -1.27752992  0.20004802  1.31078457 -0.52735271
  0.87487247 -0.16631124  0.79735956  0.16855555  1.21193574 -0.23157203
  0.57854155 -0.45896089  0.1807057   1.03351073]",113
[0. 0. 0. 0. 0. 0. 0. 0. 0. 0. 0. 0. 0. 0. 0. 0.],"[ 0.4413869  -0.5363035  -1.28228486  0.19529308  1.3155395  -0.53210764
  0.8796274  -0.17106618  0.79260462  0.16380062  1.20718081 -0.22681709
  0.58329649 -0.45420596  0.18546064  1.0287558 ]",114
[0. 0. 0. 0. 0. 0. 0. 0. 0. 0. 0. 0. 0. 0. 0. 0.],"[ 0.42713315 -0.52204975 -1.2965386   0.20954682  1.30128576 -0.54636138
  0.89388115 -0.18531992  0.80685836  0.17805436  1.22143455 -0.24107084
  0.56904274 -0.43995222  0.19971438  1.04300954]",115
[0. 0. 0. 0. 0. 0. 0. 0. 0. 0. 0. 0. 0. 0. 0. 0.],"[ 0.42160661 -0.51652321 -1.30206514  0.21507336  1.29575922 -0.54083484
  0.89940769 -0.17979338  0.80133182  0.17252782  1.21590801 -0.24659738
  0.5635162  -0.43442568  0.19418784  1.037483  ]",116
[0. 0. 0. 0. 0. 0. 0. 0. 0. 0. 0. 0. 0. 0. 0. 0.],"[ 0.42656718 -0.51156265 -1.3070257   0.22003392  1.30071978 -0.53587428
  0.90436825 -0.18475394  0.80629238  0.16756726  1.22086857 -0.24163681
  0.55855564 -0.43938624  0.1991484   1.03252244]",117
[0. 0. 0. 0. 0. 0. 0. 0. 0. 0. 0. 0. 0. 0. 0. 0.],"[ 0.42511048 -0.51010596 -1.30848239  0.22149062  1.30217647 -0.53441759
  0.90582494 -0.18621063  0.80483569  0.16611057  1.21941188 -0.24309351
  0.56001234 -0.43792954  0.19769171  1.03397913]",118
[0. 0. 0. 0. 0. 0. 0. 0. 0. 0. 0. 0. 0. 0. 0. 0.],"[ 0.41814066 -0.50313614 -1.30151257  0.21452079  1.30914629 -0.52744777
  0.89885512 -0.19318045  0.79786587  0.17308039  1.2263817  -0.25006333
  0.56698216 -0.43095972  0.20466153  1.02700931]",119
[0. 0. 0. 0. 0. 0. 0. 0. 0. 0. 0. 0. 0. 0. 0. 0.],"[ 0.42295317 -0.49832363 -1.29670006  0.21933331  1.30433378 -0.53226028
  0.90366763 -0.18836794  0.80267838  0.1778929   1.23119421 -0.25487584
  0.56216965 -0.42614721  0.20947404  1.0221968 ]",120
[0. 0. 0. 0. 0. 0. 0. 0. 0. 0. 0. 0. 0. 0. 0. 0.],"[ 0.42226732 -0.49900948 -1.29601421  0.21864746  1.30501963 -0.53157443
  0.90435348 -0.1876821   0.80336423  0.17720705  1.23188006 -0.25418999
  0.5614838  -0.42546136  0.20878819  1.02151095]",121
[0. 0. 0. 0. 0. 0. 0. 0. 0. 0. 0. 0. 0. 0. 0. 0.],"[ 0.41564349 -0.49238564 -1.30263804  0.21202363  1.2983958  -0.53819826
  0.89772965 -0.19430593  0.7967404   0.18383089  1.23850389 -0.24756616
  0.56810763 -0.41883753  0.20216436  1.02813478]",122
[0. 0. 0. 0. 0. 0. 0. 0. 0. 0. 0. 0. 0. 0. 0. 0.],"[ 0.42508519 -0.50182735 -1.31207974  0.20258192  1.3078375  -0.52875656
  0.88828794 -0.18486423  0.8061821   0.19327259  1.24794559 -0.25700786
  0.55866593 -0.40939583  0.21160606  1.01869308]",123
[0. 0. 0. 0. 0. 0. 0. 0. 0. 0. 0. 0. 0. 0. 0. 0.],"[ 0.43497845 -0.49193409 -1.321973    0.19268867  1.31773076 -0.5188633
  0.8981812  -0.17497097  0.81607535  0.18337933  1.25783885 -0.24711461
  0.56855919 -0.41928908  0.20171281  1.00879982]",124
[0. 0. 0. 0. 0. 0. 0. 0. 0. 0. 0. 0. 0. 0. 0. 0.],"[ 0.44046531 -0.48644723 -1.31648614  0.18720181  1.32321762 -0.52435016
  0.89269434 -0.18045783  0.82156221  0.17789247  1.25235199 -0.25260146
  0.57404605 -0.41380223  0.20719966  1.00331296]",125
[0. 0. 0. 0. 0. 0. 0. 0. 0. 0. 0. 0. 0. 0. 0. 0.],"[ 0.43949997 -0.48741257 -1.3155208   0.18816715  1.32418295 -0.52338482
  0.89365968 -0.18142317  0.82252755  0.17885781  1.25138665 -0.2535668
  0.57501138 -0.41476756  0.208165    1.0042783 ]",126
[0. 0. 0. 0. 0. 0. 0. 0. 0. 0. 0. 0. 0. 0. 0. 0.],"[ 0.43493721 -0.49197533 -1.32008357  0.19272991  1.32874572 -0.51882206
  0.89822244 -0.18598593  0.81796479  0.17429505  1.25594941 -0.25812957
  0.57957415 -0.41933033  0.20360224  1.00884107]",127
[0. 0. 0. 0. 0. 0. 0. 0. 0. 0. 0. 0. 0. 0. 0. 0.],"[ 0.42483579 -0.48187392 -1.33018498  0.18262849  1.33884713 -0.52892348
  0.88812103 -0.17588451  0.8280662   0.18439646  1.26605083 -0.26823098
  0.56947273 -0.40922891  0.19350082  0.99873965]",128
[0. 0. 0. 0. 0. 0. 0. 0. 0. 0. 0. 0. 0. 0. 0. 0.],"[ 0.4288822  -0.47782751 -1.33423139  0.17858209  1.34289354 -0.52487707
  0.88407462 -0.17993092  0.82401979  0.18035006  1.27009724 -0.27227739
  0.57351914 -0.41327532  0.19754723  1.00278606]",129
[0. 0. 0. 0. 0. 0. 0. 0. 0. 0. 0. 0. 0. 0. 0. 0.],"[ 0.43296165 -0.48190697 -1.33831085  0.17450263  1.33881409 -0.52079761
  0.87999516 -0.17585146  0.82809925  0.18442951  1.2741767  -0.27635685
  0.5775986  -0.40919586  0.19346777  0.9987066 ]",130
[0. 0. 0. 0. 0. 0. 0. 0. 0. 0. 0. 0. 0. 0. 0. 0.],"[ 0.43353734 -0.48133128 -1.33773517  0.17392695  1.3382384  -0.52022193
  0.87941948 -0.17642715  0.82752357  0.18385383  1.27360101 -0.27693253
  0.57702291 -0.40862018  0.19289209  0.99813092]",131
[0. 0. 0. 0. 0. 0. 0. 0. 0. 0. 0. 0. 0. 0. 0. 0.],"[ 0.42380568 -0.49106294 -1.32800351  0.16419528  1.32850674 -0.51049027
  0.88915114 -0.16669549  0.81779191  0.19358549  1.26386935 -0.28666419
  0.56729125 -0.41835184  0.20262375  1.00786258]",132
[0. 0. 0. 0. 0. 0. 0. 0. 0. 0. 0. 0. 0. 0. 0. 0.],"[ 0.42171747 -0.48897473 -1.33009172  0.1662835   1.33059495 -0.50840206
  0.89123935 -0.16460728  0.8157037   0.1956737   1.26178114 -0.28457598
  0.56520304 -0.42044005  0.20053554  1.00995079]",133
[0. 0. 0. 0. 0. 0. 0. 0. 0. 0. 0. 0. 0. 0. 0. 0.],"[ 0.42605693 -0.4933142  -1.33443118  0.16194403  1.33493442 -0.50406259
  0.89557881 -0.16026781  0.81136423  0.20001317  1.2661206  -0.28023652
  0.56086358 -0.42477952  0.204875    1.00561133]",134
[0. 0. 0. 0. 0. 0. 0. 0. 0. 0. 0. 0. 0. 0. 0. 0.],"[ 0.42936796 -0.49000317 -1.33774221  0.16525506  1.33824544 -0.50075157
  0.89226779 -0.16357884  0.81467526  0.19670214  1.26280958 -0.28354754
  0.5641746  -0.42146849  0.20156398  1.0023003 ]",135
[0. 0. 0. 0. 0. 0. 0. 0. 0. 0. 0. 0. 0. 0. 0. 0.],"[ 0.41870313 -0.47933835 -1.34840703  0.15459023  1.32758062 -0.49008674
  0.90293261 -0.17424366  0.80401043  0.18603732  1.25214475 -0.29421237
  0.55350978 -0.41080367  0.2122288   0.99163548]",136
[0. 0. 0. 0. 0. 0. 0. 0. 0. 0. 0. 0. 0. 0. 0. 0.],"[ 0.41829272 -0.47974875 -1.34799662  0.15417983  1.32799103 -0.49049715
  0.90334302 -0.17383325  0.80442084  0.18562691  1.25173434 -0.29462278
  0.55309937 -0.41039326  0.21181839  0.99204589]",137
[0. 0. 0. 0. 0. 0. 0. 0. 0. 0. 0. 0. 0. 0. 0. 0.],"[ 0.4208976  -0.48235363 -1.3506015   0.15157495  1.32538615 -0.48789227
  0.90073815 -0.17122838  0.80181597  0.18302203  1.24912947 -0.29722765
  0.55570425 -0.41299813  0.21442327  0.98944101]",138
[0. 0. 0. 0. 0. 0. 0. 0. 0. 0. 0. 0. 0. 0. 0. 0.],"[ 0.41840444 -0.47986048 -1.35309465  0.15406811  1.32787931 -0.49038543
  0.9032313  -0.17372153  0.80430912  0.18052887  1.25162262 -0.2947345
  0.5581974  -0.41050498  0.21691642  0.99193417]",139
[0. 0. 0. 0. 0. 0. 0. 0. 0. 0. 0. 0. 0. 0. 0. 0.],"[ 0.42166724 -0.48312327 -1.34983186  0.15080531  1.3311421  -0.49364822
  0.9064941  -0.17045874  0.80104633  0.18379167  1.25488542 -0.29799729
  0.5614602  -0.40724218  0.22017922  0.98867137]",140
[0. 0. 0. 0. 0. 0. 0. 0. 0. 0. 0. 0. 0. 0. 0. 0.],"[ 0.42323476 -0.48469079 -1.35139939  0.14923779  1.32957458 -0.49521575
  0.90806162 -0.17202626  0.7994788   0.18535919  1.25331789 -0.29642977
  0.55989267 -0.40567466  0.21861169  0.9902389 ]",141
[0. 0. 0. 0. 0. 0. 0. 0. 0. 0. 0. 0. 0. 0. 0. 0.],"[ 0.42543814 -0.48248742 -1.35360276  0.15144116  1.3273712  -0.49301238
  0.91026499 -0.16982289  0.79727543  0.18315582  1.25552127 -0.29422639
  0.5576893  -0.40347128  0.22081507  0.98803552]",142
[0. 0. 0. 0. 0. 0. 0. 0. 0. 0. 0. 0. 0. 0. 0. 0.],"[ 0.42408189 -0.48113117 -1.35224651  0.15008491  1.32601496 -0.49436862
  0.91162124 -0.16846664  0.79863168  0.18179957  1.25416502 -0.29558264
  0.55904555 -0.40211504  0.22217131  0.98667928]",143
[0. 0. 0. 0. 0. 0. 0. 0. 0. 0. 0. 0. 0. 0. 0. 0.],"[ 0.41983554 -0.48537752 -1.35649286  0.14583857  1.3302613  -0.49012228
  0.9073749  -0.17271299  0.80287802  0.18604592  1.25841137 -0.29133629
  0.56329189 -0.39786869  0.21792497  0.98243293]",144
[0. 0. 0. 0. 0. 0. 0. 0. 0. 0. 0. 0. 0. 0. 0. 0.],"[ 0.42102616 -0.4841869  -1.35530224  0.14464795  1.33145192 -0.4913129
  0.90618428 -0.17390361  0.80168741  0.18723654  1.25722075 -0.29252691
  0.56448251 -0.39667807  0.21911559  0.98362355]",145
[0. 0. 0. 0. 0. 0. 0. 0. 0. 0. 0. 0. 0. 0. 0. 0.],"[ 0.42707581 -0.49023655 -1.36135189  0.1385983   1.32540227 -0.49736254
  0.90013463 -0.16785396  0.79563776  0.18118689  1.26327039 -0.29857656
  0.55843286 -0.39062843  0.21306594  0.98967319]",146
[0. 0. 0. 0. 0. 0. 0. 0. 0. 0. 0. 0. 0. 0. 0. 0.],"[ 0.42956083 -0.49272158 -1.36383691  0.13611328  1.32291725 -0.49984757
  0.89764961 -0.17033899  0.79315273  0.18367192  1.26078537 -0.30106159
  0.55594784 -0.39311346  0.21058091  0.99215822]",147
[0. 0. 0. 0. 0. 0. 0. 0. 0. 0. 0. 0. 0. 0. 0. 0.],"[ 0.43067357 -0.49160884 -1.36272417  0.13500054  1.32402999 -0.50096031
  0.89876235 -0.17145173  0.79203999  0.18478466  1.25967263 -0.29994885
  0.5548351  -0.3942262   0.21169365  0.99327096]",148
[0. 0. 0. 0. 0. 0. 0. 0. 0. 0. 0. 0. 0. 0. 0. 0.],"[ 0.4329373  -0.49387256 -1.36046045  0.13273681  1.32629371 -0.49869658
  0.90102607 -0.17371545  0.79430372  0.18252093  1.26193635 -0.30221257
  0.55257137 -0.39196247  0.21395738  0.99553469]",149
[0. 0. 0. 0. 0. 0. 0. 0. 0. 0. 0. 0. 0. 0. 0. 0.],"[ 0.4294673  -0.49734257 -1.35699044  0.12926681  1.32976372 -0.50216659
  0.90449607 -0.17024545  0.79777372  0.18599093  1.26540636 -0.30568257
  0.55604137 -0.38849247  0.21048738  0.99206468]",150
[0. 0. 0. 0. 0. 0. 0. 0. 0. 0. 0. 0. 0. 0. 0. 0.],"[ 0.43238579 -0.49442407 -1.35407195  0.12634831  1.33268221 -0.49924809
  0.90741457 -0.16732696  0.80069221  0.18307244  1.26832485 -0.30860107
  0.55895987 -0.39141096  0.20756888  0.98914619]",151
[0. 0. 0. 0. 0. 0. 0. 0. 0. 0. 0. 0. 0. 0. 0. 0.],"[ 0.43231682 -0.49449305 -1.35400298  0.12627934  1.33261323 -0.49931707
  0.90748354 -0.16739593  0.80076119  0.18300347  1.26839382 -0.30867004
  0.55889089 -0.39147993  0.20749991  0.98921517]",152
[0. 0. 0. 0. 0. 0. 0. 0. 0. 0. 0. 0. 0. 0. 0. 0.],"[ 0.42690999 -0.49989987 -1.3594098   0.12087252  1.33802006 -0.49391024
  0.90207672 -0.16198911  0.80616801  0.18841029  1.27380065 -0.30326322
  0.55348407 -0.39688675  0.20209309  0.99462199]",153
[0. 0. 0. 0. 0. 0. 0. 0. 0. 0. 0. 0. 0. 0. 0. 0.],"[ 0.43206646 -0.50505634 -1.36456627  0.11571605  1.33286359 -0.48875378
  0.89692025 -0.16714558  0.81132448  0.19356676  1.26864418 -0.30841969
  0.55864054 -0.40204322  0.20724956  0.98946552]",154
[0. 0. 0. 0. 0. 0. 0. 0. 0. 0. 0. 0. 0. 0. 0. 0.],"[ 0.42761017 -0.50060004 -1.36902256  0.11125975  1.33731988 -0.49321007
  0.89246396 -0.16268928  0.81578077  0.18911046  1.27310047 -0.30396339
  0.56309683 -0.39758693  0.20279326  0.99392181]",155
[0. 0. 0. 0. 0. 0. 0. 0. 0. 0. 0. 0. 0. 0. 0. 0.],"[ 0.43238367 -0.50537354 -1.36424906  0.10648625  1.33254638 -0.49798357
  0.89723746 -0.16746278  0.81100727  0.19388396  1.26832697 -0.30873689
  0.56787034 -0.39281343  0.19801976  0.99869531]",156
[0. 0. 0. 0. 0. 0. 0. 0. 0. 0. 0. 0. 0. 0. 0. 0.],"[ 0.4306127  -0.50360257 -1.36247809  0.10471528  1.33077541 -0.49975454
  0.89900843 -0.16569182  0.8092363   0.19211299  1.266556   -0.31050786
  0.5696413  -0.3945844   0.19624879  0.99692434]",157
[0. 0. 0. 0. 0. 0. 0. 0. 0. 0. 0. 0. 0. 0. 0. 0.],"[ 0.42969472 -0.50452055 -1.36339607  0.10563326  1.32985743 -0.50067252
  0.89992641 -0.16477384  0.80831832  0.19119501  1.26747398 -0.30958988
  0.57055928 -0.39550238  0.19533081  0.99600636]",158
[0. 0. 0. 0. 0. 0. 0. 0. 0. 0. 0. 0. 0. 0. 0. 0.],"[ 0.42869369 -0.50351953 -1.36239505  0.10463224  1.3288564  -0.49967149
  0.90092743 -0.16577486  0.8073173   0.19219604  1.26647295 -0.31059091
  0.57156031 -0.39450135  0.19432978  0.99500534]",159
[0. 0. 0. 0. 0. 0. 0. 0. 0. 0. 0. 0. 0. 0. 0. 0.],"[ 0.42795913 -0.50425409 -1.36312961  0.1053668   1.32959097 -0.50040606
  0.901662   -0.1650403   0.80805186  0.19146148  1.26720752 -0.30985635
  0.57082575 -0.39376679  0.19359522  0.99427077]",160
[0. 0. 0. 0. 0. 0. 0. 0. 0. 0. 0. 0. 0. 0. 0. 0.],"[ 0.43186849 -0.50816345 -1.36703897  0.10145744  1.33350033 -0.49649669
  0.90557136 -0.16113094  0.81196122  0.18755211  1.26329815 -0.31376571
  0.57473511 -0.38985742  0.19750458  0.99036141]",161
[0. 0. 0. 0. 0. 0. 0. 0. 0. 0. 0. 0. 0. 0. 0. 0.],"[ 0.43738269 -0.51367765 -1.37255317  0.09594324  1.33901453 -0.4909825
  0.91108556 -0.15561674  0.80644703  0.19306631  1.26881235 -0.30825151
  0.56922092 -0.39537162  0.20301878  0.99587561]",162
[0. 0. 0. 0. 0. 0. 0. 0. 0. 0. 0. 0. 0. 0. 0. 0.],"[ 0.43671841 -0.51301337 -1.37188889  0.09527896  1.33967881 -0.49164677
  0.91174984 -0.15628102  0.8071113   0.19373059  1.26814807 -0.30758724
  0.56988519 -0.3960359   0.20368306  0.99653988]",163
[0. 0. 0. 0. 0. 0. 0. 0. 0. 0. 0. 0. 0. 0. 0. 0.],"[ 0.44078419 -0.51707915 -1.36782311  0.09121318  1.33561303 -0.49571255
  0.90768406 -0.1603468   0.81117708  0.18966481  1.27221385 -0.30352146
  0.56581941 -0.39197012  0.19961728  0.99247411]",164
[0. 0. 0. 0. 0. 0. 0. 0. 0. 0. 0. 0. 0. 0. 0. 0.],"[ 0.43661927 -0.52124407 -1.36365819  0.08704827  1.33144811 -0.49987747
  0.90351914 -0.16451171  0.80701217  0.18549989  1.27637877 -0.30768638
  0.5616545  -0.39613504  0.19545236  0.98830919]",165
[0. 0. 0. 0. 0. 0. 0. 0. 0. 0. 0. 0. 0. 0. 0. 0.],"[ 0.43838681 -0.52301161 -1.36189065  0.08528072  1.32968057 -0.50164501
  0.90528668 -0.16274417  0.80524462  0.18373235  1.27814631 -0.30945392
  0.56342204 -0.39790258  0.1972199   0.98654164]",166
[0. 0. 0. 0. 0. 0. 0. 0. 0. 0. 0. 0. 0. 0. 0. 0.],"[ 0.43847899 -0.52310379 -1.36198283  0.0853729   1.32977274 -0.50173719
  0.90519451 -0.16283634  0.8053368   0.18364017  1.27805414 -0.30936174
  0.56332987 -0.39781041  0.19712773  0.98663382]",167
[0. 0. 0. 0. 0. 0. 0. 0. 0. 0. 0. 0. 0. 0. 0. 0.],"[ 0.43455304 -0.52702974 -1.36590878  0.08144694  1.33369869 -0.50566314
  0.90126855 -0.15891039  0.80926275  0.17971422  1.28198009 -0.30543579
  0.55940391 -0.39388445  0.19320178  0.98270787]",168
[0. 0. 0. 0. 0. 0. 0. 0. 0. 0. 0. 0. 0. 0. 0. 0.],"[ 0.43569883 -0.52588394 -1.36705458  0.08030114  1.33484449 -0.50451734
  0.90012276 -0.15776459  0.80811695  0.18086002  1.28083429 -0.30428999
  0.55825811 -0.39503025  0.19434758  0.98156207]",169
[0. 0. 0. 0. 0. 0. 0. 0. 0. 0. 0. 0. 0. 0. 0. 0.],"[ 0.43611746 -0.52546532 -1.3674732   0.07988252  1.33526311 -0.50493596
  0.89970413 -0.15734597  0.80853557  0.1804414   1.28041567 -0.30387137
  0.55783949 -0.39544887  0.19392896  0.98198069]",170
[0. 0. 0. 0. 0. 0. 0. 0. 0. 0. 0. 0. 0. 0. 0. 0.],"[ 0.4365522  -0.52590006 -1.36790794  0.08031726  1.33482837 -0.50450122
  0.90013887 -0.15691123  0.80810083  0.18000666  1.28085041 -0.30430611
  0.55827423 -0.39588361  0.19349421  0.98241543]",171
[0. 0. 0. 0. 0. 0. 0. 0. 0. 0. 0. 0. 0. 0. 0. 0.],"[ 0.44011856 -0.52946642 -1.3714743   0.0767509   1.33126201 -0.50093486
  0.89657251 -0.16047759  0.80453447  0.1764403   1.28441677 -0.30073975
  0.55470787 -0.39231725  0.19706058  0.98598179]",172
[0. 0. 0. 0. 0. 0. 0. 0. 0. 0. 0. 0. 0. 0. 0. 0.],"[ 0.43687201 -0.53271297 -1.36822775  0.07350436  1.32801546 -0.49768831
  0.89332597 -0.16372414  0.80128792  0.17968684  1.28766332 -0.3039863
  0.55146132 -0.38907071  0.20030712  0.98273524]",173
[0. 0. 0. 0. 0. 0. 0. 0. 0. 0. 0. 0. 0. 0. 0. 0.],"[ 0.44477125 -0.52481373 -1.37612699  0.06560512  1.3359147  -0.50558755
  0.9012252  -0.15582491  0.80918716  0.17178761  1.27976409 -0.31188553
  0.55936056 -0.38117147  0.20820636  0.97483601]",174
[0. 0. 0. 0. 0. 0. 0. 0. 0. 0. 0. 0. 0. 0. 0. 0.],"[ 0.44762542 -0.52766791 -1.37327282  0.06275095  1.33306053 -0.50273338
  0.90407937 -0.15867908  0.81204133  0.16893344  1.27690992 -0.30903136
  0.55650639 -0.38402564  0.20535218  0.97198184]",175
[0. 0. 0. 0. 0. 0. 0. 0. 0. 0. 0. 0. 0. 0. 0. 0.],"[ 0.4525879  -0.53263039 -1.3782353   0.05778847  1.32809804 -0.49777089
  0.90904186 -0.16364156  0.81700381  0.16397095  1.27194743 -0.30406887
  0.56146887 -0.37906316  0.2003897   0.96701935]",176
[0. 0. 0. 0. 0. 0. 0. 0. 0. 0. 0. 0. 0. 0. 0. 0.],"[ 0.4601142  -0.54015669 -1.3857616   0.05026217  1.33562434 -0.49024459
  0.90151556 -0.15611526  0.80947751  0.17149725  1.27947373 -0.31159517
  0.56899517 -0.37153686  0.1928634   0.97454565]",177
[0. 0. 0. 0. 0. 0. 0. 0. 0. 0. 0. 0. 0. 0. 0. 0.],"[ 0.46199064 -0.54203313 -1.38763804  0.04838573  1.33374791 -0.48836816
  0.89963912 -0.15423883  0.81135395  0.17337369  1.28135017 -0.30971874
  0.56711874 -0.36966042  0.19098697  0.97266922]",178
[0. 0. 0. 0. 0. 0. 0. 0. 0. 0. 0. 0. 0. 0. 0. 0.],"[ 0.46306372 -0.54096004 -1.38656495  0.04731265  1.33267482 -0.48944124
  0.90071221 -0.15316574  0.81028086  0.1723006   1.28027708 -0.31079182
  0.56819182 -0.37073351  0.19206005  0.9737423 ]",179
[0. 0. 0. 0. 0. 0. 0. 0. 0. 0. 0. 0. 0. 0. 0. 0.],"[ 0.46626144 -0.53776232 -1.38336723  0.04411493  1.32947711 -0.49263896
  0.89751449 -0.15636346  0.81347858  0.16910289  1.2834748  -0.31398954
  0.5649941  -0.37393123  0.18886233  0.97694002]",180
[0. 0. 0. 0. 0. 0. 0. 0. 0. 0. 0. 0. 0. 0. 0. 0.],"[ 0.46564567 -0.53714656 -1.38275147  0.04349917  1.32886134 -0.49325472
  0.89813025 -0.15697922  0.81286282  0.16971865  1.28285904 -0.31337378
  0.56560987 -0.37454699  0.18824657  0.97632426]",181
[0. 0. 0. 0. 0. 0. 0. 0. 0. 0. 0. 0. 0. 0. 0. 0.],"[ 0.4619451  -0.54084714 -1.38645205  0.03979859  1.32516077 -0.48955415
  0.90183083 -0.15327865  0.80916224  0.16601807  1.27915846 -0.3096732
  0.56190929 -0.37824756  0.18454599  0.97262368]",182
[0. 0. 0. 0. 0. 0. 0. 0. 0. 0. 0. 0. 0. 0. 0. 0.],"[ 0.46262119 -0.54017104 -1.38712814  0.04047469  1.32448468 -0.49023024
  0.90250692 -0.15395474  0.80983834  0.16534198  1.27983455 -0.3103493
  0.56258538 -0.37892366  0.1838699   0.97194759]",183
[0. 0. 0. 0. 0. 0. 0. 0. 0. 0. 0. 0. 0. 0. 0. 0.],"[ 0.4610516  -0.53860145 -1.38869774  0.03890509  1.32291508 -0.49179983
  0.90407651 -0.15238515  0.80826874  0.16377239  1.28140415 -0.31191889
  0.56101579 -0.37735406  0.18230031  0.97351719]",184
[0. 0. 0. 0. 0. 0. 0. 0. 0. 0. 0. 0. 0. 0. 0. 0.],"[ 0.45476419 -0.54488886 -1.39498514  0.03261768  1.32920249 -0.49808724
  0.89778911 -0.14609774  0.80198133  0.15748498  1.27511674 -0.3182063
  0.5673032  -0.38364147  0.18858771  0.96722978]",185
[0. 0. 0. 0. 0. 0. 0. 0. 0. 0. 0. 0. 0. 0. 0. 0.],"[ 0.45901379 -0.54063925 -1.39073554  0.02836808  1.32495289 -0.50233685
  0.90203871 -0.15034734  0.79773173  0.15323537  1.27086714 -0.3224559
  0.5715528  -0.38789107  0.18433811  0.97147938]",186
[0. 0. 0. 0. 0. 0. 0. 0. 0. 0. 0. 0. 0. 0. 0. 0.],"[ 0.44936904 -0.55028401 -1.40038029  0.01872333  1.31530813 -0.49269209
  0.89239396 -0.15999209  0.80737648  0.16288013  1.28051189 -0.33210066
  0.56190805 -0.39753582  0.19398286  0.98112413]",187
[0. 0. 0. 0. 0. 0. 0. 0. 0. 0. 0. 0. 0. 0. 0. 0.],"[ 0.45189783 -0.54775521 -1.40290908  0.01619453  1.31277934 -0.49522089
  0.88986516 -0.16252089  0.80990527  0.16035133  1.2779831  -0.32957186
  0.56443684 -0.39500703  0.19651166  0.97859534]",188
[0. 0. 0. 0. 0. 0. 0. 0. 0. 0. 0. 0. 0. 0. 0. 0.],"[ 0.45531244 -0.5443406  -1.4063237   0.01277992  1.31619395 -0.4986355
  0.89327978 -0.1659355   0.80649066  0.15693672  1.28139771 -0.33298648
  0.56102223 -0.39842164  0.19309704  0.98200995]",189
[0. 0. 0. 0. 0. 0. 0. 0. 0. 0. 0. 0. 0. 0. 0. 0.],"[ 0.45444297 -0.54347113 -1.40545423  0.01191045  1.31706343 -0.49776603
  0.89414925 -0.16506603  0.80562119  0.15780619  1.28226718 -0.33385595
  0.5618917  -0.39755217  0.19396651  0.98114048]",190
[0. 0. 0. 0. 0. 0. 0. 0. 0. 0. 0. 0. 0. 0. 0. 0.],"[ 0.4608209  -0.54984905 -1.41183215  0.00553252  1.3106855  -0.50414395
  0.90052717 -0.17144395  0.81199911  0.16418412  1.27588926 -0.32747803
  0.56826962 -0.39117425  0.20034444  0.97476256]",191
[0. 0. 0. 0. 0. 0. 0. 0. 0. 0. 0. 0. 0. 0. 0. 0.],"[ 0.46375884 -0.55278699 -1.40889421  0.00259458  1.31362345 -0.50120601
  0.89758923 -0.17438189  0.80906117  0.16124617  1.27295132 -0.32454008
  0.57120756 -0.38823631  0.20328238  0.9777005 ]",192
[0. 0. 0. 0. 0. 0. 0. 0. 0. 0. 0. 0. 0. 0. 0. 0.],"[ 4.62129614e-01 -5.54416217e-01 -1.40726498e+00  9.65358150e-04
  1.31525267e+00 -4.99576784e-01  8.95960006e-01 -1.76011116e-01
  8.10690392e-01  1.59616949e-01  1.27132209e+00 -3.22910860e-01
  5.72836787e-01 -3.89865531e-01  2.04911603e-01  9.79329726e-01]",193
[0. 0. 0. 0. 0. 0. 0. 0. 0. 0. 0. 0. 0. 0. 0. 0.],"[ 4.61130275e-01 -5.53416878e-01 -1.40626564e+00 -3.39805044e-05
  1.31425333e+00 -4.98577446e-01  8.96959345e-01 -1.75011777e-01
  8.11689731e-01  1.60616288e-01  1.27232143e+00 -3.21911522e-01
  5.71837449e-01 -3.90864870e-01  2.03912265e-01  9.78330387e-01]",194
[0. 0. 0. 0. 0. 0. 0. 0. 0. 0. 0. 0. 0. 0. 0. 0.],"[ 0.45637278 -0.55817438 -1.40150814 -0.00479148  1.30949583 -0.50333495
  0.89220185 -0.17025428  0.80693223  0.15585879  1.26756393 -0.31715402
  0.56707995 -0.39562237  0.20866976  0.98308789]",195
[0. 0. 0. 0. 0. 0. 0. 0. 0. 0. 0. 0. 0. 0. 0. 0.],"[ 0.45303039 -0.56151677 -1.39816575 -0.00813387  1.30615344 -0.50667734
  0.88885946 -0.16691189  0.81027462  0.1525164   1.27090632 -0.31381163
  0.56373756 -0.39227998  0.21201215  0.98643028]",196
[0. 0. 0. 0. 0. 0. 0. 0. 0. 0. 0. 0. 0. 0. 0. 0.],"[ 0.44915118 -0.55763756 -1.40204496 -0.01201308  1.30227423 -0.50279812
  0.89273867 -0.1707911   0.81415383  0.15639561  1.26702711 -0.31769084
  0.55985835 -0.39615919  0.20813294  0.98255107]",197
[0. 0. 0. 0. 0. 0. 0. 0. 0. 0. 0. 0. 0. 0. 0. 0.],"[ 0.4527273  -0.55406143 -1.40562109 -0.0155892   1.29869811 -0.499222
  0.89631479 -0.16721498  0.81772995  0.15997173  1.26345099 -0.32126697
  0.55628223 -0.39258307  0.20455682  0.97897494]",198
[0. 0. 0. 0. 0. 0. 0. 0. 0. 0. 0. 0. 0. 0. 0. 0.],"[ 0.45048404 -0.55181817 -1.40786435 -0.01783247  1.29645485 -0.50146526
  0.89855805 -0.16945824  0.81548669  0.15772847  1.26569425 -0.32351023
  0.55403896 -0.39482633  0.20231356  0.97673168]",199
[0. 0. 0. 0. 0. 0. 0. 0. 0. 0. 0. 0. 0. 0. 0. 0.],"[ 0.44910237 -0.55043651 -1.40924601 -0.01921413  1.29507318 -0.5000836
  0.89993972 -0.16807657  0.81410503  0.1563468   1.26431259 -0.32489189
  0.5526573  -0.39620799  0.20093189  0.97535002]",200
