v,m,t
"[[1.06283632e-02 5.35175485e-01 1.75152831e-01 5.10454158e-01
  1.01593531e-07 4.73434467e-01 4.92056712e-01 3.82128843e-02
  2.33141231e+00 1.27804945e-02 1.55062594e-01 6.96668891e-02
  1.28411610e-01 1.28918722e-02 1.90956680e-01 3.04442911e-02
  1.79361105e-02 1.51805310e-01 2.27556518e-01 1.70974808e-02
  6.18008740e-01 1.23009733e-01 2.97226714e-02 9.04971304e-03
  4.50395438e-03 3.29468365e-01 7.12733010e-01 1.41607948e-01
  7.34254036e-03 3.18636529e-04 4.38014329e-33 4.74763075e-01
  1.88091311e+00 1.58940809e-33 9.65096024e-34 4.16912216e-32]]","[[ 1.03093953e-01  7.31556891e-01  4.18512641e-01  7.14460747e-01
   3.18737402e-04  6.88065744e-01  7.01467542e-01  1.95481161e-01
  -1.52689630e+00  1.13050849e-01  3.93779880e-01 -2.63944860e-01
  -3.58345658e-01  1.13542380e-01  4.36985904e-01 -1.74482925e-01
  -1.33925765e-01 -3.89622010e-01  4.77028844e-01 -1.30757336e-01
  -7.86135319e-01  3.50727434e-01  1.72402643e-01  9.51299797e-02
   6.71115071e-02  5.73993350e-01  8.44235163e-01  3.76308315e-01
  -8.56886245e-02 -1.78503930e-02 -6.61826510e-17  6.89030533e-01
  -1.37146386e+00  3.98673813e-17 -3.10659946e-17 -2.04184283e-16]]",1
"[[2.11240216e-02 1.06002765e+00 3.48244259e-01 1.01694086e+00
  3.93947894e-06 9.44640112e-01 9.79366199e-01 7.67341869e-02
  4.63046152e+00 2.52381303e-02 3.10363735e-01 1.40162022e-01
  2.55486251e-01 2.55585620e-02 3.82627329e-01 6.02463253e-02
  3.52675933e-02 3.01936457e-01 4.55627577e-01 3.46845776e-02
  1.23077668e+00 2.40743562e-01 5.96288863e-02 1.81200832e-02
  8.86467039e-03 6.55285781e-01 1.42605495e+00 2.80198574e-01
  1.45169911e-02 6.12496380e-04 6.38571443e-32 9.46058976e-01
  3.75490474e+00 1.57351401e-33 9.55445063e-34 5.66130815e-32]]","[[ 1.95750290e-01  1.38655223e+00  7.94803646e-01  1.35827074e+00
  -1.67244778e-03  1.30914321e+00  1.33291188e+00  3.73172573e-01
  -2.89813690e+00  2.13930615e-01  7.50447049e-01 -5.04368294e-01
  -6.80782995e-01  2.15305818e-01  8.33264831e-01 -3.30546814e-01
  -2.52861734e-01 -7.40081431e-01  9.09270356e-01 -2.50941017e-01
  -1.49425428e+00  6.60566167e-01  3.28953753e-01  1.81329401e-01
   1.26776222e-01  1.09027694e+00  1.60860448e+00  7.12852183e-01
  -1.62254221e-01 -3.33003824e-02 -3.03533241e-16  1.31008656e+00
  -2.61010843e+00  3.58806432e-17 -2.79593952e-17 -5.99160584e-17]]",2
"[[3.16047846e-02 1.57431126e+00 5.19685497e-01 1.51804917e+00
  2.67672113e-05 1.41334657e+00 1.46312176e+00 1.15309690e-01
  6.89851993e+00 3.75307938e-02 4.65690625e-01 2.11437284e-01
  3.81425494e-01 3.80000403e-02 5.74387290e-01 8.90176505e-02
  5.21571766e-02 4.49770955e-01 6.84229657e-01 5.29567339e-02
  1.84115732e+00 3.53588641e-01 9.00511701e-02 2.72856427e-02
  1.30808255e-02 9.77789326e-01 2.13945989e+00 4.16013805e-01
  2.15254941e-02 8.63653013e-04 1.33395140e-31 1.41546932e+00
  5.62208347e+00 1.95722572e-32 9.45890613e-34 9.88657214e-32]]","[[ 2.79577405e-01  1.97238571e+00  1.13356206e+00  1.93748053e+00
  -6.28716151e-03  1.86971487e+00  1.90215127e+00  5.34205624e-01
  -4.12962627e+00  3.04542218e-01  1.07343567e+00 -7.23517966e-01
  -9.71165441e-01  3.06456485e-01  1.19218967e+00 -4.68879963e-01
  -3.58885344e-01 -1.05447239e+00  1.30120806e+00 -3.62298379e-01
  -2.13393494e+00  9.33998158e-01  4.72179281e-01  2.59875106e-01
   1.79709588e-01  1.55488363e+00  2.30077714e+00  1.01388030e+00
  -2.30608187e-01 -4.60103441e-02 -8.27131557e-18  1.87108292e+00
  -3.72921634e+00  1.66510604e-16 -2.51634557e-17  1.53002517e-16]]",3
"[[4.20811215e-02 2.07812583e+00 6.89508807e-01 2.01366634e+00
  8.48990468e-05 1.87955821e+00 1.94341260e+00 1.53902721e-01
  9.13593511e+00 4.96700365e-02 6.21000186e-01 2.83489752e-01
  5.06251152e-01 5.02083239e-02 7.66123230e-01 1.16732375e-01
  6.86218274e-02 5.95259360e-01 9.13342073e-01 7.19456273e-02
  2.44938397e+00 4.61672459e-01 1.21020717e-01 3.65554900e-02
  1.71543683e-02 1.29701216e+00 2.85284570e+00 5.49077891e-01
  2.83700241e-02 1.07314404e-03 1.34064106e-31 1.88307524e+00
  7.48234016e+00 5.27053064e-32 3.29491056e-33 9.78770642e-32]]","[[ 3.55506067e-01  2.49595064e+00  1.43855997e+00  2.45843358e+00
  -1.33004024e-02  2.37581272e+00  2.41544311e+00  6.80149372e-01
  -5.23534741e+00  3.85956449e-01  1.36605018e+00 -9.23502066e-01
  -1.23271296e+00  3.88008359e-01  1.51735771e+00 -5.91121800e-01
  -4.53328013e-01 -1.33630556e+00  1.65683895e+00 -4.65777026e-01
  -2.71214629e+00  1.17469369e+00  6.03483224e-01  3.31574359e-01
   2.26579597e-01  1.97298111e+00  2.92789276e+00  1.28293015e+00
  -2.91569895e-01 -5.61784518e-02  3.73097762e-17  2.37806440e+00
  -4.74066371e+00 -3.27021493e-17  2.59170624e-17  1.37702265e-16]]",4
"[[5.25571824e-02 2.57159046e+00 8.57724203e-01 2.50375549e+00
  1.94512262e-04 2.34329326e+00 2.42026451e+00 1.92489412e-01
  1.13429932e+01 6.16590558e-02 7.76258978e-01 3.56319045e-01
  6.29974617e-01 6.21754250e-02 9.57752146e-01 1.43387382e-01
  8.46702302e-02 7.38385817e-01 1.14294116e+00 9.16729633e-02
  3.05553756e+00 5.65106049e-01 1.52551310e-01 4.59346779e-02
  2.10874528e-02 1.61296951e+00 3.56613346e+00 6.79403251e-01
  3.50525463e-02 1.24341722e-03 1.85638282e-31 2.34886908e+00
  9.33555139e+00 8.23379291e-32 3.26196145e-33 9.71504079e-32]]","[[ 4.24343545e-01  2.96346497e+00  1.71316602e+00  2.92689114e+00
  -2.24804624e-02  2.83287570e+00  2.87837452e+00  8.12448482e-01
  -6.22786593e+00  4.59100320e-01  1.63127696e+00 -1.10622311e+00
  -1.46830930e+00  4.60873025e-01  1.81204119e+00 -6.98809893e-01
  -5.37357575e-01 -1.58878257e+00  1.97975766e+00 -5.62191604e-01
  -3.23506479e+00  1.38593440e+00  7.24079093e-01  3.97132387e-01
   2.67989009e-01  2.34920499e+00  3.49639102e+00  1.52316954e+00
  -3.45876804e-01 -6.40144024e-02 -1.96453410e-16  2.83640779e+00
  -5.65513420e+00  1.44233479e-16  2.33253562e-17  1.08053930e-16]]",5
"[[6.30354853e-02 3.05482875e+00 1.02433606e+00 2.98829863e+00
  3.71576938e-04 2.80457151e+00 2.89368840e+00 2.31049145e-01
  1.35199644e+01 7.34991072e-02 9.31435711e-01 4.29925352e-01
  7.52604773e-01 7.38937347e-02 1.14919915e+00 1.68986458e-01
  1.00309203e-01 8.79142913e-01 1.37300182e+00 1.12157492e-01
  3.65966167e+00 6.63995374e-01 1.84652520e-01 5.54270283e-02
  2.48822968e-02 1.92567197e+00 4.27924973e+00 8.07000096e-01
  4.15750251e-02 1.37748034e-03 1.84311637e-31 2.81281999e+00
  1.11815893e+01 9.58868707e-32 6.13729148e-32 1.08450941e-31]]","[[ 4.86808545e-01  3.38052873e+00  1.96040539e+00  3.34805124e+00
  -3.36118704e-02  3.24580015e+00  3.29596356e+00  9.32411556e-01
  -7.11848647e+00  5.24799616e-01  1.87180670e+00 -1.27339478e+00
  -1.68054647e+00  5.25871563e-01  2.07919466e+00 -7.93345905e-01
  -6.12018371e-01 -1.81479514e+00  2.27319829e+00 -6.52264132e-01
  -3.70822605e+00  1.57066802e+00  8.35047090e-01  4.57177342e-01
   3.04480854e-01  2.68772338e+00  4.01207128e+00  1.73744620e+00
  -3.94192708e-01 -6.97165688e-02 -1.99824105e-16  3.25093576e+00
  -6.48224185e+00  2.49694746e-16 -2.20136964e-16  2.08027766e-16]]",6
"[[7.35178553e-02 3.52796581e+00 1.18934647e+00 3.46728512e+00
  6.31849248e-04 3.26341153e+00 3.36369012e+00 2.69562642e-01
  1.56671121e+01 8.51908180e-02 1.08649968e+00 5.04309059e-01
  8.74149622e-01 8.53561149e-02 1.34039313e+00 1.93537133e-01
  1.15545025e-01 1.01752659e+00 1.60349772e+00 1.33416290e-01
  4.26178595e+00 7.58443657e-01 2.17332402e-01 6.50356509e-02
  2.85411536e-02 2.23512807e+00 4.99212293e+00 9.31878393e-01
  4.79394282e-02 1.47871337e-03 2.04646288e-31 3.27488691e+00
  1.30203238e+01 9.50003908e-32 6.76220690e-32 1.11070052e-31]]","[[ 5.43544600e-01  3.75218379e+00  2.18299807e+00  3.72659699e+00
  -4.64983934e-02  3.61899212e+00  3.67272306e+00  1.04121987e+00
  -7.91738177e+00  5.83794772e-01  2.09006200e+00 -1.42656013e+00
  -1.87175621e+00  5.83743981e-01  2.32148179e+00 -8.76000632e-01
  -6.78248533e-01 -2.01694971e+00  2.54007065e+00 -7.36638431e-01
  -4.13660361e+00  1.73154498e+00  9.37355210e-01  5.12270782e-01
   3.36544206e-01  2.99228586e+00  4.48015449e+00  1.92832234e+00
  -4.37115124e-01 -7.34690822e-02 -3.28763714e-16  3.62598154e+00
  -7.23063873e+00  2.16217111e-16 -2.80965789e-16  1.26367615e-16]]",7
"[[8.40057495e-02 3.99112729e+00 1.35275639e+00 3.94070745e+00
  9.90887158e-04 3.71982942e+00 3.83027394e+00 3.08011292e-01
  1.77846963e+01 9.67346650e-02 1.24142016e+00 5.79470648e-01
  9.94616868e-01 9.65559466e-02 1.53126544e+00 2.17049628e-01
  1.30383936e-01 1.15353435e+00 1.83440132e+00 1.55465089e-01
  4.86193455e+00 8.48552187e-01 2.50598494e-01 7.47630750e-02
  3.20663019e-02 2.54134515e+00 5.70468203e+00 1.05404856e+00
  5.41477292e-02 1.55078820e-03 2.11753236e-31 3.73502295e+00
  1.48516235e+01 9.40503869e-32 8.50047949e-32 1.85477606e-31]]","[[ 5.95129145e-01  4.08296905e+00  2.38339073e+00  4.06674525e+00
  -6.09628524e-02  3.95641543e+00  4.01271360e+00  1.13993840e+00
  -8.63370704e+00  6.36751520e-01  2.28822343e+00 -1.56710843e+00
  -2.04403676e+00  6.35157528e-01  2.54130290e+00 -9.47924444e-01
  -7.36892495e-01 -2.19759362e+00  2.78299273e+00 -8.15889473e-01
  -4.52467042e+00  1.87094922e+00  1.03187328e+00  5.62915096e-01
   3.64619518e-01  3.26626611e+00  4.90534024e+00  2.09810416e+00
  -4.75181942e-01 -7.54421509e-02 -3.91560799e-16  3.96544101e+00
  -7.90811150e+00  1.94595400e-16 -1.18485629e-16 -1.61074995e-16]]",8
"[[9.45004038e-02 4.44443891e+00 1.51456621e+00 4.40855931e+00
  1.46407980e-03 4.17383794e+00 4.29344430e+00 3.46376851e-01
  1.98729758e+01 1.08131212e-01 1.39616611e+00 6.55410683e-01
  1.11401420e+00 1.07487165e-01 1.72174935e+00 2.39536437e-01
  1.44832393e-01 1.28716441e+00 2.06568375e+00 1.78318303e-01
  5.46013024e+00 9.34420696e-01 2.84458326e-01 8.46112619e-02
  3.54600414e-02 2.84432969e+00 6.41685598e+00 1.17352180e+00
  6.02019108e-02 1.59761640e-03 2.09645823e-31 4.19317717e+00
  1.66753560e+01 9.31098830e-32 8.72616391e-32 1.83874489e-31]]","[[ 6.42080834e-01  4.37697044e+00  2.56378473e+00  4.37229186e+00
  -7.68461376e-02  4.26163537e+00  4.31958989e+00  1.22952666e+00
  -9.27570221e+00  6.84269417e-01  2.46825332e+00 -1.69629047e+00
  -2.19927666e+00  6.80714127e-01  2.74082067e+00 -1.01015845e+00
  -7.88711396e-01 -2.35884004e+00  3.00431976e+00 -8.90530693e-01
  -4.87645149e+00  1.99102531e+00  1.11938419e+00  6.09559574e-01
   3.89103464e-01  3.51269970e+00  5.29185854e+00  2.24886790e+00
  -5.08877409e-01 -7.57932558e-02 -3.55585856e-16  4.27281768e+00
  -8.52166809e+00  1.75135860e-16 -5.08975646e-17 -1.60831269e-16]]",9
"[[1.05002911e-01 4.88802632e+00 1.67477602e+00 4.87083437e+00
  2.06668822e-03 4.62544576e+00 4.75320676e+00 3.84641272e-01
  2.19322087e+01 1.19381260e-01 1.55070590e+00 7.32129826e-01
  1.23234946e+00 1.18144292e-01 1.91177993e+00 2.61012148e-01
  1.58897241e-01 1.41841525e+00 2.29731471e+00 2.01988922e-01
  6.05639696e+00 1.01614755e+00 3.18919767e-01 9.45815623e-02
  3.87246901e-02 3.14408742e+00 7.12857326e+00 1.29031032e+00
  6.61039674e-02 1.62330329e-03 2.51289383e-31 4.64929544e+00
  1.84913889e+01 9.73420333e-32 8.63890227e-32 1.82035744e-31]]","[[ 6.84865795e-01  4.63786612e+00  2.72616092e+00  4.64665290e+00
  -9.40060246e-02  4.53785791e+00  4.59664212e+00  1.31084879e+00
  -9.85078388e+00  7.26889130e-01  2.63191727e+00 -1.81523247e+00
  -2.33917590e+00  7.20957067e-01  2.92198367e+00 -1.06364527e+00
  -8.34392142e-01 -2.50259071e+00  3.20617037e+00 -9.61020098e-01
  -5.19557026e+00  2.09370260e+00  1.20059345e+00  6.52605603e-01
   4.10353313e-01  3.73431804e+00  5.64351650e+00  2.38248318e+00
  -5.38637519e-01 -7.46686228e-02 -5.29168416e-16  4.55126252e+00
  -9.07761580e+00  2.29478026e-16 -4.58078081e-17 -1.44748142e-16]]",10
"[[1.15514270e-01 5.32201497e+00 1.83338586e+00 5.32752541e+00
  2.81389713e-03 5.07465674e+00 5.20956873e+00 4.22786599e-01
  2.39626540e+01 1.30485952e-01 1.70500715e+00 8.09628891e-01
  1.34963076e+00 1.28522469e-01 2.10129405e+00 2.81493380e-01
  1.72585852e-01 1.54728525e+00 2.52926233e+00 2.26488324e-01
  6.65076167e+00 1.09382986e+00 3.53991290e-01 1.04674644e-01
  4.18625825e-02 3.44062334e+00 7.83976166e+00 1.40442743e+00
  7.18559092e-02 1.63210035e-03 2.94304058e-31 5.10332076e+00
  2.02995899e+01 1.10833059e-31 8.55251324e-32 1.80215387e-31]]","[[ 7.23903108e-01  4.86896721e+00  2.87230204e+00  4.89290208e+00
  -1.12315994e-01  4.78796517e+00  4.84683285e+00  1.38468277e+00
  -1.03656279e+01  7.65098843e-01  2.78080359e+00 -1.92494858e+00
  -2.46526497e+00  7.56377031e-01  3.08654773e+00 -1.10923914e+00
  -8.74555448e-01 -2.63055664e+00  3.39045012e+00 -1.02776554e+00
  -5.48528988e+00  2.18071687e+00  1.27613758e+00  6.92411198e-01
   4.28690866e-01  3.93357882e+00  5.96374053e+00  2.50063382e+00
  -5.64854860e-01 -7.22047688e-02 -6.89623477e-16  4.80360943e+00
  -9.58163143e+00  8.62619955e-17 -4.12270273e-17 -1.30273328e-16]]",11
"[[1.26035414e-01 5.74653005e+00 1.99039582e+00 5.77862367e+00
  3.72087770e-03 5.52146910e+00 5.66253999e+00 4.60794886e-01
  2.59645718e+01 1.41446871e-01 1.85903654e+00 8.87908897e-01
  1.46586658e+00 1.38617485e-01 2.29023049e+00 3.00998782e-01
  1.85906235e-01 1.67377250e+00 2.76149302e+00 2.51826043e-01
  7.24325594e+00 1.16756356e+00 3.89682221e-01 1.14890397e-01
  4.48760687e-02 3.73394170e+00 8.55034806e+00 1.51588769e+00
  7.74597649e-02 1.62835165e-03 3.17809141e-31 5.55519339e+00
  2.20998275e+01 1.27126668e-31 1.05572761e-31 1.78413233e-31]]","[[ 7.59569665e-01  5.07325442e+00  3.00381259e+00  5.11380446e+00
  -1.31664119e-01  5.01454723e+00  5.07283019e+00  1.45172885e+00
  -1.08262439e+01  7.99339932e-01  2.91634076e+00 -2.02635217e+00
  -2.57892194e+00  7.87417538e-01  3.23609530e+00 -1.14771514e+00
  -9.09763029e-01 -2.74427691e+00  3.55887266e+00 -1.09112929e+00
  -5.74855020e+00  2.25362972e+00  1.34659160e+00  7.29295004e-01
   4.44406009e-01  4.11269329e+00  6.25561421e+00  2.60483664e+00
  -5.87882988e-01 -6.85300366e-02 -7.83289918e-16  5.03240703e+00
  -1.00388246e+01 -5.42806138e-17  1.07473959e-16 -1.17245995e-16]]",12
"[[1.36567239e-01 6.16169648e+00 2.14580622e+00 6.22411824e+00
  4.80286131e-03 5.96587473e+00 6.11213322e+00 4.98648126e-01
  2.79382241e+01 1.52266111e-01 2.01275962e+00 9.66971150e-01
  1.58106585e+00 1.48425808e-01 2.47853008e+00 3.19549048e-01
  1.98867148e-01 1.79787457e+00 2.99397129e+00 2.78009482e-01
  7.83391730e+00 1.23744347e+00 4.26002973e-01 1.25227830e-01
  4.77675127e-02 4.02404595e+00 9.26025830e+00 1.62470696e+00
  8.29175850e-02 1.61643221e-03 3.98208323e-31 6.00485089e+00
  2.38919715e+01 1.25865869e-31 1.21048083e-31 1.84099477e-31]]","[[ 7.92204499e-01  5.25341114e+00  3.12213690e+00  5.31184688e+00
  -1.51952040e-01  5.21993076e+00  5.27703759e+00  1.51261710e+00
  -1.12380419e+01  8.30012036e-01  3.03981322e+00 -2.12026600e+00
  -2.68138780e+00  8.14479841e-01  3.37205284e+00 -1.17977773e+00
  -9.40524047e-01 -2.84513551e+00  3.71297873e+00 -1.15143212e+00
  -5.98800097e+00  2.31384606e+00  1.41247564e+00  7.63539834e-01
   4.57759912e-01  4.27365090e+00  6.52191248e+00  2.69645828e+00
  -6.08040352e-01 -6.37660696e-02 -4.15863583e-16  5.23994718e+00
  -1.04537946e+01 -4.56171874e-17  2.25299694e-16 -1.91952734e-16]]",13
"[[1.47110618e-01 6.56763882e+00 2.29961772e+00 6.66399557e+00
  6.07522296e-03 6.40785843e+00 6.55836433e+00 5.36328195e-01
  2.98838759e+01 1.62946352e-01 2.16614066e+00 1.04681732e+00
  1.69523795e+00 1.57944615e-01 2.66613581e+00 3.37166938e-01
  2.11478181e-01 1.91958839e+00 3.22665964e+00 3.05043615e-01
  8.42279044e+00 1.30356330e+00 4.62965275e-01 1.35684958e-01
  5.05392914e-02 4.31093862e+00 9.96941697e+00 1.73090245e+00
  8.82314443e-02 1.60067713e-03 5.66646574e-31 6.45222804e+00
  2.56758937e+01 1.24862014e-31 1.44727741e-31 2.16318298e-31]]","[[ 8.22112652e-01  5.41185312e+00  3.22857529e+00  5.48926541e+00
  -1.73094011e-01  5.40620490e+00  5.46162061e+00  1.56791422e+00
  -1.16058925e+01  8.57477577e-01  3.15237558e+00 -2.20743145e+00
  -2.77378025e+00  8.37927352e-01  3.49570657e+00 -1.20606839e+00
  -9.67300879e-01 -2.93437664e+00  3.85415336e+00 -1.20895688e+00
  -6.20603153e+00  2.36262973e+00  1.47426091e+00  7.95395860e-01
   4.68987902e-01  4.41824134e+00  6.76513246e+00  2.77673038e+00
  -6.25613834e-01 -5.80291794e-02 -7.89512500e-16  5.42829063e+00
  -1.08306816e+01 -5.70180528e-17  3.60535812e-16  1.17955550e-17]]",14
"[[1.57666416e-01 6.96448124e+00 2.45183145e+00 7.09823905e+00
  7.55357159e-03 6.84739729e+00 7.00125284e+00 5.73816793e-01
  3.18017949e+01 1.73490908e-01 2.31914253e+00 1.12744951e+00
  1.80839285e+00 1.67171807e-01 2.85299300e+00 3.53877269e-01
  2.23749829e-01 2.03891009e+00 3.45951846e+00 3.32930692e-01
  9.00992831e+00 1.36601574e+00 5.00582372e-01 1.46258697e-01
  5.31937928e-02 4.59462125e+00 1.06777475e+01 1.83449275e+00
  9.34034433e-02 1.58530192e-03 5.80860193e-31 6.89725694e+00
  2.74514686e+01 1.93878319e-31 1.52220403e-31 2.19979601e-31]]","[[ 8.49568630e-01  5.55075516e+00  3.32429858e+00  5.64807005e+00
  -1.95015985e-01  5.57524450e+00  5.62853088e+00  1.61812975e+00
  -1.19341812e+01  8.82065760e-01  3.25506538e+00 -2.28851668e+00
  -2.85710608e+00  8.58089598e-01  3.60821658e+00 -1.22717253e+00
  -9.90514232e-01 -3.01311848e+00  3.98364133e+00 -1.26395182e+00
  -6.40479750e+00  2.40111769e+00  1.53237496e+00  8.25083509e-01
   4.78302049e-01  4.54807446e+00  6.98752112e+00  2.84676315e+00
  -6.40861919e-01 -5.14315499e-02 -5.69564495e-16  5.59929011e+00
  -1.11732129e+01  2.13759071e-16  4.19033484e-16  8.69343191e-17]]",15
"[[1.68235495e-01 7.35234738e+00 2.60244913e+00 7.52682873e+00
  9.25384206e-03 7.28446031e+00 7.44082199e+00 6.11095401e-01
  3.36922526e+01 1.83903763e-01 2.47172662e+00 1.20887037e+00
  1.92054100e+00 1.76106024e-01 3.03904929e+00 3.69706859e-01
  2.35693521e-01 2.15583499e+00 3.69250596e+00 3.61669965e-01
  9.59539274e+00 1.42489247e+00 5.38869201e-01 1.56944786e-01
  5.57334141e-02 4.87509436e+00 1.13851718e+01 1.93549786e+00
  9.84357077e-02 1.57431617e-03 6.19500115e-31 7.33986706e+00
  2.92185740e+01 2.04093522e-31 2.77715964e-31 2.17779805e-31]]","[[ 8.74819493e-01  5.67207520e+00  3.41036125e+00  5.79006717e+00
  -2.17654702e-01  5.72873130e+00  5.77952769e+00  1.66372164e+00
  -1.22268572e+01  9.04076080e-01  3.34881475e+00 -2.36412412e+00
  -2.93227230e+00  8.75265759e-01  3.71062945e+00 -1.24362554e+00
  -1.01054761e+00 -3.08236567e+00  4.10256114e+00 -1.31663366e+00
  -6.58624458e+00  2.43033265e+00  1.58720633e+00  8.52796188e-01
   4.85893493e-01  4.66459820e+00  7.19110036e+00  2.90755757e+00
  -6.54017548e-01 -4.40822066e-02 -3.01779861e-16  5.75461118e+00
  -1.14847443e+01  3.02628284e-16  2.07346183e-17  7.82408871e-17]]",16
"[[1.78818714e-01 7.73136017e+00 2.75147321e+00 7.94974125e+00
  1.11923812e-02 7.71900830e+00 7.87709879e+00 6.48145249e-01
  3.55555240e+01 1.94189566e-01 2.62385285e+00 1.29108307e+00
  2.03169342e+00 1.84746640e-01 3.22425465e+00 3.84684397e-01
  2.47321614e-01 2.27035757e+00 3.92557822e+00 3.91257504e-01
  1.01792548e+01 1.48028426e+00 5.77842489e-01 1.67737737e-01
  5.81605586e-02 5.15235734e+00 1.20916111e+01 2.03393905e+00
  1.03330386e-01 1.57143469e-03 6.48392386e-31 7.77998552e+00
  3.09770918e+01 2.18172830e-31 2.80942630e-31 2.38975959e-31]]","[[ 8.98087597e-01  5.77757584e+00  3.48771319e+00  5.91687970e+00
  -2.40956710e-01  5.86817312e+00  5.91619721e+00  1.70510125e+00
  -1.24874766e+01  9.23781327e-01  3.43446092e+00 -2.43479706e+00
  -3.00009607e+00  8.89727792e-01  3.80388951e+00 -1.25591805e+00
  -1.02775117e+00 -3.14302059e+00  4.21191769e+00 -1.36719060e+00
  -6.75212966e+00  2.45119465e+00  1.63910853e+00  8.78702895e-01
   4.91934526e-01  4.76911467e+00  7.37768947e+00  2.96001629e+00
  -6.65290658e-01 -3.60876676e-02 -4.58917845e-16  5.89575116e+00
  -1.17682977e+01  1.45399938e-16 -5.88232025e-17  2.23302223e-16]]",17
"[[1.89416926e-01 8.10164166e+00 2.89890698e+00 8.36695005e+00
  1.33860175e-02 8.15099425e+00 8.31011376e+00 6.84947300e-01
  3.73918877e+01 2.04353593e-01 2.77547979e+00 1.37409141e+00
  2.14186151e+00 1.93093739e-01 3.40856117e+00 3.98840214e-01
  2.58647311e-01 2.38247158e+00 4.15868940e+00 4.21686121e-01
  1.07615943e+01 1.53228101e+00 6.17520778e-01 1.78630855e-01
  6.04776327e-02 5.42640851e+00 1.27969851e+01 2.12983883e+00
  1.08089642e-01 1.57999276e-03 7.16236705e-31 8.21753763e+00
  3.27269081e+01 2.45464415e-31 2.87250667e-31 2.36586200e-31]]","[[ 9.19573035e-01  5.86884373e+00  3.55721034e+00  6.02996560e+00
  -2.64877287e-01  5.99492153e+00  6.03996966e+00  1.74263801e+00
  -1.27192420e+01  9.41430111e-01  3.51275582e+00 -2.50102555e+00
  -3.06131358e+00  9.01723154e-01  3.88884888e+00 -1.26450024e+00
  -1.04244482e+00 -3.19589368e+00  4.31261381e+00 -1.41578531e+00
  -6.90403947e+00  2.46453136e+00  1.68840348e+00  9.02950824e-01
   4.96580461e-01  4.86279477e+00  7.54892556e+00  3.00495332e+00
  -6.74870461e-01 -2.75521961e-02 -6.85658126e-16  6.02405624e+00
  -1.20265941e+01  3.02537880e-16  4.25445264e-17  2.00972000e-16]]",18
"[[2.00030956e-01 8.46331269e+00 3.04475468e+00 8.77842577e+00
  1.58521041e-02 8.58036426e+00 8.73990039e+00 7.21482260e-01
  3.92016247e+01 2.14401658e-01 2.92656489e+00 1.45789971e+00
  2.25105704e+00 2.01148070e-01 3.59192273e+00 4.12205949e-01
  2.69684517e-01 2.49217026e+00 4.39179204e+00 4.52945452e-01
  1.13424990e+01 1.58097190e+00 6.57924315e-01 1.89616317e-01
  6.26870412e-02 5.69724518e+00 1.35012133e+01 2.22322071e+00
  1.12715648e-01 1.60287344e-03 7.09896061e-31 8.65244762e+00
  3.44679140e+01 2.63877042e-31 2.84378160e-31 2.34220338e-31]]","[[ 9.39455795e-01  5.94730697e+00  3.61962416e+00  6.13063460e+00
  -2.89379232e-01  6.11018804e+00  6.15213453e+00  1.77666351e+00
  -1.29250376e+01  9.57248914e-01  3.58437491e+00 -2.56325169e+00
  -3.11658801e+00  9.11477152e-01  3.96627631e+00 -1.26978532e+00
  -1.05492085e+00 -3.24171284e+00  4.40546074e+00 -1.46255802e+00
  -7.04340697e+00  2.47108751e+00  1.73538423e+00  9.25668004e-01
   4.99971306e-01  4.94669137e+00  7.70628190e+00  3.04310274e+00
  -6.82927461e-01 -1.85776027e-02 -6.45758012e-16  6.14073709e+00
  -1.22620846e+01  1.27829010e-16  3.82900738e-17  1.80874800e-16]]",19
"[[2.10661585e-01 8.81649258e+00 3.18902150e+00 9.18413712e+00
  1.86085253e-02 9.00705892e+00 9.16649442e+00 7.57730623e-01
  4.09850180e+01 2.24339979e-01 3.07706488e+00 1.54251276e+00
  2.35929190e+00 2.08910975e-01 3.77429454e+00 4.24814120e-01
  2.80447625e-01 2.59944657e+00 4.62483747e+00 4.85022215e-01
  1.19220626e+01 1.62644545e+00 6.99074841e-01 2.00685341e-01
  6.47911831e-02 5.96486378e+00 1.42042149e+01 2.31410902e+00
  1.17210573e-01 1.64245510e-03 7.15522546e-31 9.08463953e+00
  3.62000052e+01 2.61238271e-31 3.03459635e-31 2.31878134e-31]]","[[ 9.57897665e-01  6.01425068e+00  3.67565023e+00  6.22006357e+00
  -3.14431514e-01  6.21505910e+00  6.25385415e+00  1.80747542e+00
  -1.31074608e+01  9.71443712e-01  3.64992520e+00 -2.62187420e+00
  -3.16651658e+00  9.19194929e-01  4.03686495e+00 -1.27215218e+00
  -1.06544581e+00 -3.28113200e+00  4.49118775e+00 -1.50762973e+00
  -7.17152563e+00  2.47153333e+00  1.78031724e+00  9.46965979e-01
   5.02233264e-01  5.02175116e+00  7.85108458e+00  3.07512640e+00
  -6.89615252e-01 -9.26260464e-03 -6.93989328e-16  6.24688306e+00
  -1.24769765e+01  1.15046109e-16  1.82532862e-16  1.62787320e-16]]",20
"[[2.21309517e-01 9.16129884e+00 3.33171370e+00 9.58405183e+00
  2.16736620e-02 9.43101525e+00 9.58993280e+00 7.93672734e-01
  4.27423510e+01 2.34175011e-01 3.22693622e+00 1.62793567e+00
  2.46657793e+00 2.16384303e-01 3.95563253e+00 4.36697615e-01
  2.90951251e-01 2.70429360e+00 4.85777643e+00 5.17900641e-01
  1.25003824e+01 1.66878969e+00 7.40995243e-01 2.11828409e-01
  6.67924462e-02 6.22926007e+00 1.49059092e+01 2.40252859e+00
  1.21576564e-01 1.70058550e-03 7.09120464e-31 9.51403842e+00
  3.79230818e+01 2.59007525e-31 3.40704519e-31 2.49836400e-31]]","[[ 9.75043933e-01  6.07083107e+00  3.72591581e+00  6.29931043e+00
  -3.40007850e-01  6.31050990e+00  6.34617573e+00  1.83534096e+00
  -1.32688503e+01  9.84201258e-01  3.70995266e+00 -2.67725259e+00
  -3.21163688e+00  9.25063154e-01  4.10123928e+00 -1.27194734e+00
  -1.07426198e+00 -3.31473899e+00  4.57045078e+00 -1.55110540e+00
  -7.28956193e+00  2.46647233e+00  1.82344417e+00  9.66942488e-01
   5.03480074e-01  5.08882549e+00  7.98452741e+00  3.10162074e+00
  -6.95072119e-01  2.98176358e-04 -5.97146930e-16  6.34347507e+00
  -1.26732583e+01  1.23077016e-16 -3.64179082e-17  4.11109170e-18]]",21
"[[2.31975348e-01 9.49784679e+00 3.47283852e+00 9.97813786e+00
  2.50663173e-02 9.85216884e+00 1.00102526e+01 8.29288881e-01
  4.44739060e+01 2.43913250e-01 3.37613564e+00 1.71417372e+00
  2.57292672e+00 2.23570309e-01 4.13589270e+00 4.47889174e-01
  3.01209937e-01 2.80670497e+00 5.09055961e+00 5.51563028e-01
  1.30775566e+01 1.70809224e+00 7.83709144e-01 2.23035550e-01
  6.86932025e-02 6.49042939e+00 1.56062166e+01 2.48850454e+00
  1.25815738e-01 1.77858483e-03 7.26421159e-31 9.94057144e+00
  3.96370478e+01 2.56417450e-31 3.47683645e-31 2.86990466e-31]]","[[ 9.91024893e-01  6.11808804e+00  3.77098672e+00  6.36932692e+00
  -3.66085280e-01  6.39741695e+00  6.43004204e+00  1.86050012e+00
  -1.34113116e+01  9.95690136e-01  3.76494893e+00 -2.72971073e+00
  -3.25243254e+00  9.29251457e-01  4.15996127e+00 -1.26948646e+00
  -1.08158855e+00 -3.34306268e+00  4.64384038e+00 -1.59307706e+00
  -7.39856635e+00  2.45644812e+00  1.86498333e+00  9.85684042e-01
   5.03814220e-01  5.14868007e+00  8.10768547e+00  3.12312300e+00
  -6.99422471e-01  1.00154192e-02 -3.81253175e-16  6.43139718e+00
  -1.28527209e+01  1.10769315e-16  6.91364501e-17  2.02829160e-16]]",22
"[[2.42659534e-01 9.82624935e+00 3.61240413e+00 1.03663646e+01
  2.88056106e-02 1.02704560e+01 1.04274897e+01 8.64559405e-01
  4.61799626e+01 2.53561047e-01 3.52462069e+00 1.80123215e+00
  2.67834939e+00 2.30471552e-01 4.31503050e+00 4.58420879e-01
  3.11237866e-01 2.90667518e+00 5.32313832e+00 5.85990364e-01
  1.36536813e+01 1.74444045e+00 8.27240442e-01 2.34296629e-01
  7.04958037e-02 6.74836693e+00 1.63050586e+01 2.57206194e+00
  1.29930164e-01 1.87727570e-03 7.57480883e-31 1.03641689e+01
  4.13418106e+01 2.53853275e-31 3.44603299e-31 3.19006490e-31]]","[[ 1.00595722e+00  6.15695660e+00  3.81137337e+00  6.43096998e+00
  -3.92642854e-01  6.47656946e+00  6.50630114e+00  1.88316860e+00
  -1.35367395e+01  1.00606170e+00  3.81535730e+00 -2.77954016e+00
  -3.28933834e+00  9.31913682e-01  4.21353593e+00 -1.26505556e+00
  -1.08762264e+00 -3.36657935e+00  4.71188879e+00 -1.63362672e+00
  -7.49948333e+00  2.44195072e+00  1.90513095e+00  1.00326827e+00
   5.03328021e-01  5.20200379e+00  8.22152722e+00  3.14011672e+00
  -7.02778135e-01  1.98063154e-02 -1.47362855e-16  6.51144707e+00
  -1.30169774e+01  9.96923832e-17  4.23107411e-17 -4.23150862e-18]]",23
"[[2.53362371e-01 1.01466169e+01 3.75041957e+00 1.07487037e+01
  3.29108520e-02 1.06858158e+01 1.08416783e+01 8.99464803e-01
  4.78607962e+01 2.63124439e-01 3.67235018e+00 1.88911594e+00
  2.78285642e+00 2.37090798e-01 4.49300028e+00 4.68323738e-01
  3.21048606e-01 3.00419998e+00 5.55546495e+00 6.21162947e-01
  1.42288482e+01 1.77792141e+00 8.71612872e-01 2.45601631e-01
  7.22025781e-02 7.00306799e+00 1.70023586e+01 2.65322570e+00
  1.33921855e-01 1.99703382e-03 9.06739819e-31 1.07847654e+01
  4.30372794e+01 2.64812434e-31 4.08092077e-31 3.17318587e-31]]","[[ 1.01994524e+00  6.18827718e+00  3.84753626e+00  6.48501201e+00
  -4.19660524e-01  6.54867940e+00  6.57571509e+00  1.90354049e+00
  -1.36468392e+01  1.01545099e+00  3.86157816e+00 -2.82700297e+00
  -3.32274484e+00  9.33189040e-01  4.26241641e+00 -1.25891224e+00
  -1.09254027e+00 -3.38571849e+00  4.77507619e+00 -1.67282881e+00
  -7.59316031e+00  2.42342213e+00  1.94406248e+00  1.01976596e+00
   5.02104612e-01  5.24941659e+00  8.32692534e+00  3.15303680e+00
  -7.05239527e-01  2.95955977e-02 -5.28648973e-16  6.58434526e+00
  -1.31674804e+01 -2.64564211e-17 -2.20637961e-16  3.49493809e-17]]",24
"[[2.64083970e-01 1.04590570e+01 3.88689462e+00 1.11251305e+01
  3.74014105e-02 1.10981917e+01 1.12528494e+01 9.33985834e-01
  4.95166772e+01 2.72609011e-01 3.81928459e+00 1.97782969e+00
  2.88645752e+00 2.43430948e-01 4.66975488e+00 4.77627363e-01
  3.30654919e-01 3.09927663e+00 5.78749341e+00 6.57060934e-01
  1.48031420e+01 1.80862202e+00 9.16849623e-01 2.56940889e-01
  7.38158285e-02 7.25452817e+00 1.76980417e+01 2.73202030e+00
  1.37792756e-01 2.13785120e-03 9.54533709e-31 1.12022998e+01
  4.47233652e+01 2.64134664e-31 4.30891899e-31 3.14145401e-31]]","[[ 1.03308204e+00  6.21280498e+00  3.87989084e+00  6.53214994e+00
  -4.47118292e-01  6.61439039e+00  6.63896803e+00  1.92179056e+00
  -1.37431443e+01  1.02397776e+00  3.90397362e+00 -2.87233454e+00
  -3.35300266e+00  9.33203185e-01  4.30700871e+00 -1.25128708e+00
  -1.09649755e+00 -3.40086778e+00  4.83383633e+00 -1.71075221e+00
  -7.68035613e+00  2.40126126e+00  1.98193382e+00  1.03524265e+00
   5.00218846e-01  5.29147658e+00  8.42466642e+00  3.16227412e+00
  -7.06896736e-01  3.93162479e-02 -7.14240126e-16  6.65074321e+00
  -1.33055377e+01  2.05778884e-17 -3.46206869e-17  3.14544428e-17]]",25
"[[2.74824247e-01 1.07636748e+01 4.02183971e+00 1.14956238e+01
  4.22965864e-02 1.15075323e+01 1.16610308e+01 9.68103604e-01
  5.11478699e+01 2.82019809e-01 3.96538630e+00 2.06737743e+00
  2.98916157e+00 2.49494972e-01 4.84524538e+00 4.86359765e-01
  3.40068627e-01 3.19190403e+00 6.01917943e+00 6.93664794e-01
  1.53766395e+01 1.83662899e+00 9.62973032e-01 2.68305271e-01
  7.53378303e-02 7.50274362e+00 1.83920353e+01 2.80846981e+00
  1.41544747e-01 2.29940379e-03 9.51633460e-31 1.16167165e+01
  4.63999794e+01 2.66799774e-31 4.48733874e-31 3.69088188e-31]]","[[ 1.04545061e+00  6.23121846e+00  3.90881186e+00  6.57301322e+00
  -4.74995650e-01  6.67428524e+00  6.69667354e+00  1.93807644e+00
  -1.38270341e+01  1.03174753e+00  3.94287168e+00 -2.91574597e+00
  -3.38042629e+00  9.32069270e-01  4.34767611e+00 -1.24238520e+00
  -1.09963191e+00 -3.41237761e+00  4.88856138e+00 -1.74746166e+00
  -7.76174908e+00  2.37582839e+00  2.01888275e+00  1.04975987e+00
   4.97738102e-01  5.32868634e+00  8.51545965e+00  3.16817978e+00
  -7.07830512e-01  4.89098253e-02 -5.61298700e-16  6.71123054e+00
  -1.34323267e+01 -5.43253328e-17 -1.79990383e-16  2.69315721e-16]]",26
"[[2.85582925e-01 1.10605728e+01 4.15526579e+00 1.18601670e+01
  4.76154979e-02 1.19137928e+01 1.20662465e+01 1.00179964e+00
  5.27546324e+01 2.91361286e-01 4.11061976e+00 2.15776253e+00
  3.09097657e+00 2.55285870e-01 5.01942100e+00 4.94547259e-01
  3.49300550e-01 3.28208285e+00 6.25048067e+00 7.30955633e-01
  1.59494080e+01 1.86202882e+00 1.01000437e+00 2.79686299e-01
  7.67708317e-02 7.74771109e+00 1.90842687e+01 2.88259781e+00
  1.45179637e-01 2.48111663e-03 1.00201726e-30 1.20279648e+01
  4.80670333e+01 2.64594267e-31 4.65870515e-31 3.65397306e-31]]","[[ 1.05712483e+00  6.24412701e+00  3.93463737e+00  6.60817086e+00
  -5.03271261e-01  6.72889256e+00  6.74938145e+00  1.95254043e+00
  -1.38997485e+01  1.03885276e+00  3.97856977e+00 -2.95742635e+00
  -3.40529772e+00  9.29888975e-01  4.38474329e+00 -1.23238806e+00
  -1.10206360e+00 -3.42056489e+00  4.93960619e+00 -1.78301882e+00
  -7.83794436e+00  2.34744909e+00  2.05503033e+00  1.06337596e+00
   4.94723032e-01  5.36149863e+00  8.59994456e+00  3.17106900e+00
  -7.08113183e-01  5.83264240e-02 -2.60423789e-16  6.76634122e+00
  -1.35489069e+01 -7.03984091e-17 -3.09042287e-16  2.42384149e-16]]",27
"[[2.96359528e-01 1.13498508e+01 4.28718422e+00 1.22187476e+01
  5.33769823e-02 1.23169343e+01 1.24685168e+01 1.03505596e+00
  5.43372158e+01 3.00637285e-01 4.25495153e+00 2.24898766e+00
  3.19190966e+00 2.60806652e-01 5.19222908e+00 5.02214454e-01
  3.58360490e-01 3.36981550e+00 6.48135679e+00 7.68915410e-01
  1.65215055e+01 1.88490774e+00 1.05796371e+00 2.91076210e-01
  7.81170541e-02 7.98942805e+00 1.97746734e+01 2.95442739e+00
  1.48699167e-01 2.68222265e-03 9.92134764e-31 1.24359991e+01
  4.97244376e+01 2.78010358e-31 4.87160465e-31 4.08947426e-31]]","[[ 1.06817035e+00  6.25207792e+00  3.95767224e+00  6.63813755e+00
  -5.31922863e-01  6.77869236e+00  6.79758416e+00  1.96531118e+00
  -1.39624023e+01  1.04537406e+00  4.01133789e+00 -2.99754492e+00
  -3.42786966e+00  9.26753519e-01  4.41850015e+00 -1.22145538e+00
  -1.10389717e+00 -3.42571651e+00  4.98729206e+00 -1.81748285e+00
  -7.90948119e+00  2.31641773e+00  2.09048244e+00  1.07614661e+00
   4.91228231e-01  5.39032139e+00  8.67869787e+00  3.17122471e+00
  -7.07809497e-01  6.75243235e-02 -2.22647875e-16  6.81655914e+00
  -1.36562319e+01  6.33775097e-17 -1.17052194e-16  4.35410764e-16]]",28
"[[3.07153392e-01 1.16316066e+01 4.41760672e+00 1.25713574e+01
  5.95995153e-02 1.27169246e+01 1.28678579e+01 1.06785509e+00
  5.58958651e+01 3.09851051e-01 4.39835025e+00 2.34105469e+00
  3.29196713e+00 2.66060328e-01 5.36361524e+00 5.09384305e-01
  3.67257258e-01 3.45510608e+00 6.71176939e+00 8.07527057e-01
  1.70929802e+01 1.90535166e+00 1.10686985e+00 3.02467986e-01
  7.93786924e-02 8.22789270e+00 2.04631826e+01 3.02398126e+00
  1.52105015e-01 2.90181265e-03 9.98323749e-31 1.28407784e+01
  5.13721019e+01 2.79603609e-31 4.82288861e-31 4.09754291e-31]]","[[ 1.07864551e+00  6.25556267e+00  3.97819138e+00  6.66337915e+00
  -5.60927309e-01  6.82412090e+00  6.84172235e+00  1.97650508e+00
  -1.40159970e+01  1.05138139e+00  4.04142125e+00 -3.03625299e+00
  -3.44836850e+00  9.22744635e-01  4.44920538e+00 -1.20972721e+00
  -1.10522304e+00 -3.42809231e+00  5.03191005e+00 -1.85091077e+00
  -7.97683941e+00  2.28300057e+00  2.12533127e+00  1.08812517e+00
   4.87302850e-01  5.41552230e+00  8.75223977e+00  3.16890082e+00
  -7.06977389e-01  7.64694141e-02 -7.34566017e-17  6.86232288e+00
  -1.37551594e+01  1.23171101e-16 -1.05346975e-16  3.21895836e-16]]",29
"[[3.17963676e-01 1.19059358e+01 4.54654528e+00 1.29179924e+01
  6.63011457e-02 1.31137375e+01 1.32642826e+01 1.10018009e+00
  5.74308189e+01 3.19005260e-01 4.54078658e+00 2.43396472e+00
  3.39115453e+00 2.71049908e-01 5.53352354e+00 5.16078217e-01
  3.75998732e-01 3.53796034e+00 6.94168194e+00 8.46774518e-01
  1.76638712e+01 1.92344611e+00 1.15674034e+00 3.13855341e-01
  8.05579163e-02 8.46310401e+00 2.11497313e+01 3.09128178e+00
  1.55398803e-01 3.13887627e-03 1.08412399e-30 1.32422665e+01
  5.30099344e+01 2.91351407e-31 5.11030142e-31 4.05656749e-31]]","[[ 1.08860209e+00  6.25502262e+00  3.99644271e+00  6.68431742e+00
  -5.90260719e-01  6.86557490e+00  6.88219026e+00  1.98622757e+00
  -1.40614331e+01  1.05693526e+00  4.06904276e+00 -3.07368572e+00
  -3.46699700e+00  9.17935495e-01  4.47708972e+00 -1.19732592e+00
  -1.10611908e+00 -3.42792768e+00  5.07372386e+00 -1.88335758e+00
  -8.04044564e+00  2.24743858e+00  2.15965677e+00  1.09936278e+00
   4.82991151e-01  5.43743279e+00  8.82103937e+00  3.16432520e+00
  -7.05668686e-01  8.51344849e-02 -3.75600000e-16  6.90403008e+00
  -1.38464609e+01 -9.74382937e-18  8.83929894e-17  2.89706252e-16]]",30
"[[3.28789367e-01 1.21729320e+01 4.67401210e+00 1.32586523e+01
  7.34994427e-02 1.35073524e+01 1.36578004e+01 1.13201463e+00
  5.89423098e+01 3.28102058e-01 4.68223308e+00 2.52771807e+00
  3.48947665e+00 2.75778410e-01 5.70189668e+00 5.22316159e-01
  3.84591920e-01 3.61838553e+00 7.17105962e+00 8.86642742e-01
  1.82342086e+01 1.93927615e+00 1.20759144e+00 3.25232685e-01
  8.16568713e-02 8.69506167e+00 2.18342558e+01 3.15635105e+00
  1.58582099e-01 3.39233450e-03 1.07597869e-30 1.36404310e+01
  5.46378420e+01 3.00788847e-31 5.05919840e-31 4.79729615e-31]]","[[ 1.09808599e+00  6.25085411e+00  4.01264970e+00  6.70133435e+00
  -6.19898667e-01  6.90341527e+00  6.91934050e+00  1.99457423e+00
  -1.40995193e+01  1.06208780e+00  4.09440502e+00 -3.10996377e+00
  -3.48393678e+00  9.12391590e-01  4.50235894e+00 -1.18435814e+00
  -1.10665201e+00 -3.42543595e+00  5.11297245e+00 -1.91487625e+00
  -8.10067888e+00  2.20994990e+00  2.19352806e+00  1.10990844e+00
   4.78333005e-01  5.45635166e+00  8.88551974e+00  3.15770244e+00
  -7.03929744e-01  9.34984472e-02 -3.89962445e-16  6.94204123e+00
  -1.39308305e+01  1.02365400e-16  7.95536905e-17 -1.87808008e-17]]",31
"[[3.39629299e-01 1.24326873e+01 4.80001954e+00 1.35933406e+01
  8.12114548e-02 1.38977539e+01 1.40484172e+01 1.16334294e+00
  6.04305648e+01 3.37143109e-01 4.82266410e+00 2.62231428e+00
  3.58693767e+00 2.80248874e-01 5.86867626e+00 5.28116796e-01
  3.93043042e-01 3.69639032e+00 7.39986917e+00 9.27117633e-01
  1.88040144e+01 1.95292634e+00 1.25943824e+00 3.36595085e-01
  8.26776799e-02 8.92376607e+00 2.25166939e+01 3.21921100e+00
  1.61656422e-01 3.66106491e-03 1.12830313e-30 1.40352433e+01
  5.62557298e+01 2.99806632e-31 5.00860642e-31 4.86123650e-31]]","[[ 1.10713792e+00  6.24341309e+00  4.02701385e+00  6.71477596e+00
  -6.49816398e-01  6.93797033e+00  6.95348831e+00  2.00163182e+00
  -1.41309827e+01  1.06688384e+00  4.11769233e+00 -3.14519476e+00
  -3.49935045e+00  9.06171534e-01  4.52519655e+00 -1.17091660e+00
  -1.10687883e+00 -3.42081045e+00  5.14987238e+00 -1.94551768e+00
  -8.15787560e+00  2.17073210e+00  2.22700467e+00  1.11980899e+00
   4.73364344e-01  5.47254834e+00  8.94606240e+00  3.14921622e+00
  -7.01802020e-01  1.01545549e-01 -6.02131929e-16  6.97668316e+00
  -1.40088919e+01  1.37136334e-16  7.15983214e-17  8.88863690e-17]]",32
"[[3.50482156e-01 1.26852919e+01 4.92458010e+00 1.39220639e+01
  8.94536764e-02 1.42849315e+01 1.44361365e+01 1.19414983e+00
  6.18958058e+01 3.46129640e-01 4.96205569e+00 2.71775213e+00
  3.68354116e+00 2.84464373e-01 6.03380299e+00 5.33497616e-01
  4.01357605e-01 3.77198467e+00 7.62807875e+00 9.68185985e-01
  1.93733030e+01 1.96448063e+00 1.31229466e+00 3.47938213e-01
  8.36224422e-02 9.14921830e+00 2.31969842e+01 3.27988351e+00
  1.64623254e-01 3.94392081e-03 1.12665146e-30 1.44266779e+01
  5.78635012e+01 3.02668190e-31 4.95852036e-31 4.81262413e-31]]","[[ 1.11579393e+00  6.23301924e+00  4.03971679e+00  6.72495566e+00
  -6.79989034e-01  6.96953879e+00  6.98491553e+00  2.00747913e+00
  -1.41564763e+01  1.07136183e+00  4.13907229e+00 -3.17947464e+00
  -3.51338362e+00  8.99327816e-01  4.54576621e+00 -1.15708184e+00
  -1.10684805e+00 -3.41422643e+00  5.18461987e+00 -1.97533063e+00
  -8.21233443e+00  2.12996420e+00  2.26013773e+00  1.12910908e+00
   4.68117565e-01  5.48626578e+00  9.00301132e+00  3.13903156e+00
  -6.99322597e-01  1.09264621e-01 -6.40058245e-16  7.00825212e+00
  -1.40812063e+01  4.68745189e-17  6.44384893e-17  7.99977321e-17]]",33
"[[3.61346491e-01 1.29308348e+01 5.04770637e+00 1.42448317e+01
  9.82420210e-02 1.46688787e+01 1.48209588e+01 1.22442075e+00
  6.33382500e+01 3.55062490e-01 5.10038543e+00 2.81402969e+00
  3.77929018e+00 2.88428032e-01 6.19721700e+00 5.38475057e-01
  4.09540479e-01 3.84517974e+00 7.85565777e+00 1.00983540e+00
  1.99420819e+01 1.97402236e+00 1.36617353e+00 3.59258285e-01
  8.44932370e-02 9.37142004e+00 2.38750663e+01 3.33839043e+00
  1.67484036e-01 4.23974562e-03 1.17156189e-30 1.48147123e+01
  5.94610579e+01 3.14498559e-31 4.97068804e-31 4.76449789e-31]]","[[ 1.12408596e+00  6.21995969e+00  4.05092227e+00  6.73215741e+00
  -7.10391764e-01  6.99839239e+00  7.01387411e+00  2.01218781e+00
  -1.41765871e+01  1.07555465e+00  4.15869742e+00 -3.21288892e+00
  -3.52616672e+00  8.91907470e-01  4.56421394e+00 -1.14292373e+00
  -1.10660078e+00 -3.40584270e+00  5.21739269e+00 -2.00436163e+00
  -8.26432026e+00  2.08780844e+00  2.29297106e+00  1.13785118e+00
   4.62621899e-01  5.49772306e+00  9.05667659e+00  3.12729682e+00
  -6.96524640e-01  1.16648375e-01 -8.13069178e-16  7.03701663e+00
  -1.41482778e+01  1.64076571e-16  1.36577645e-16  7.19979589e-17]]",34
"[[3.72220729e-01 1.31694034e+01 5.16941104e+00 1.45616563e+01
  1.07591799e-01 1.50495928e+01 1.52028825e+01 1.25414172e+00
  6.47581100e+01 3.63942155e-01 5.23763237e+00 2.91114429e+00
  3.87418735e+00 2.92143034e-01 6.35885797e+00 5.43064620e-01
  4.17595968e-01 3.91598780e+00 8.08257678e+00 1.05205421e+00
  2.05103520e+01 1.98163413e+00 1.42108669e+00 3.70552018e-01
  8.52921224e-02 9.59037360e+00 2.45508803e+01 3.39475367e+00
  1.70240180e-01 4.54738351e-03 1.16089772e-30 1.51993264e+01
  6.10483001e+01 3.36398339e-31 4.92098116e-31 4.71685291e-31]]","[[ 1.13204223e+00  6.20449239e+00  4.06077790e+00  6.73663843e+00
  -7.41000007e-01  7.02477828e+00  7.04058922e+00  2.01582308e+00
  -1.41918424e+01  1.07949040e+00  4.17670646e+00 -3.24551372e+00
  -3.53781652e+00  8.83952694e-01  4.58067006e+00 -1.12850285e+00
  -1.10617180e+00 -3.39580322e+00  5.24835189e+00 -2.03265493e+00
  -8.31406797e+00  2.04441198e+00  2.32554205e+00  1.14607555e+00
   4.56903731e-01  5.50711777e+00  9.10733771e+00  3.11414542e+00
  -6.93437821e-01  1.23692769e-01 -7.64188393e-16  7.06321996e+00
  -1.42105596e+01  3.05924294e-16  1.22919880e-16  6.47981630e-17]]",35
"[[3.83103181e-01 1.34010844e+01 5.28970683e+00 1.48725523e+01
  1.17517698e-01 1.54270746e+01 1.55819037e+01 1.28329940e+00
  6.61555944e+01 3.72768827e-01 5.37377692e+00 3.00909260e+00
  3.96823483e+00 2.95612643e-01 6.51866542e+00 5.47280972e-01
  4.25527876e-01 3.98442213e+00 8.30880730e+00 1.09483139e+00
  2.10781086e+01 1.98739781e+00 1.47704502e+00 3.81816570e-01
  8.60211361e-02 9.80608180e+00 2.52243672e+01 3.44899529e+00
  1.72893073e-01 4.86568721e-03 1.21522796e-30 1.55805027e+01
  6.26251262e+01 3.33364198e-31 5.24039858e-31 4.79828139e-31]]","[[ 1.13968775e+00  6.18684907e+00  4.06941677e+00  6.73863176e+00
  -7.71789556e-01  7.04892120e+00  7.06526210e+00  2.01844434e+00
  -1.42027160e+01  1.08319301e+00  4.19322571e+00 -3.27741677e+00
  -3.54843762e+00  8.75501399e-01  4.59525095e+00 -1.11387169e+00
  -1.10559037e+00 -3.38423845e+00  5.27764330e+00 -2.06025244e+00
  -8.36178581e+00  1.99990835e+00  2.35788252e+00  1.15382024e+00
   4.50986903e-01  5.51462812e+00  9.15524654e+00  3.09969747e+00
  -6.90088690e-01  1.30396446e-01 -4.30983233e-16  7.08708253e+00
  -1.42684590e+01  2.93493434e-16 -8.13687821e-17  1.71718967e-16]]",36
"[[3.93992049e-01 1.36259629e+01 5.40860654e+00 1.51775367e+01
  1.28033771e-01 1.58013276e+01 1.59580168e+01 1.31188105e+00
  6.75309081e+01 3.81542432e-01 5.50880075e+00 3.10787064e+00
  4.06143448e+00 2.98840207e-01 6.67657889e+00 5.51138034e-01
  4.33339562e-01 4.05049693e+00 8.53432172e+00 1.13815651e+00
  2.16453416e+01 1.99139447e+00 1.53405849e+00 3.93049500e-01
  8.66822957e-02 1.00185480e+01 2.58954679e+01 3.50113753e+00
  1.75444073e-01 5.19352365e-03 1.20791727e-30 1.59582252e+01
  6.41914330e+01 3.30030556e-31 5.40549499e-31 5.60826932e-31]]","[[ 1.14704457e+00  6.16723795e+00  4.07695884e+00  6.73834849e+00
  -8.02736681e-01  7.07102548e+00  7.08807263e+00  2.02010579e+00
  -1.42096338e+01  1.08668290e+00  4.20837017e+00 -3.30865833e+00
  -3.55812368e+00  8.66587705e-01  4.60806061e+00 -1.09907579e+00
  -1.10488107e+00 -3.37126664e+00  5.30539898e+00 -2.08719377e+00
  -8.40765829e+00  1.95441876e+00  2.39001949e+00  1.16112113e+00
   4.44892968e-01  5.52041484e+00  9.20063001e+00  3.08406119e+00
  -6.86501005e-01  1.36760237e-01 -4.57466479e-16  7.10880396e+00
  -1.43223420e+01  2.64144090e-16  7.42470433e-17 -1.38364306e-16]]",37
"[[4.04885437e-01 1.38441235e+01 5.52612301e+00 1.54766282e+01
  1.39153415e-01 1.61723581e+01 1.63312143e+01 1.33987456e+00
  6.88842524e+01 3.90262668e-01 5.64268674e+00 3.20747376e+00
  4.15378780e+00 3.01829174e-01 6.83253813e+00 5.54649072e-01
  4.41033996e-01 4.11422729e+00 8.75909316e+00 1.18201960e+00
  2.22120361e+01 1.99370431e+00 1.59213627e+00 4.04248723e-01
  8.72775992e-02 1.02277761e+01 2.65641240e+01 3.55120286e+00
  1.77894524e-01 5.52977797e-03 1.30170967e-30 1.63324798e+01
  6.57471159e+01 3.27613568e-31 5.35144004e-31 6.30993482e-31]]","[[ 1.15413218e+00  6.14584616e+00  4.08351232e+00  6.73597983e+00
  -8.33818218e-01  7.09127684e+00  7.10918156e+00  2.02085693e+00
  -1.42129785e+01  1.08997737e+00  4.22224454e+00 -3.33929192e+00
  -3.56695863e+00  8.57242382e-01  4.61919207e+00 -1.08415461e+00
  -1.10406443e+00 -3.35699493e+00  5.33173848e+00 -2.11351621e+00
  -8.45184891e+00  1.90805333e+00  2.42197577e+00  1.16801193e+00
   4.38641435e-01  5.52462291e+00  9.24369251e+00  3.06733418e+00
  -6.82696037e-01  1.42786740e-01 -8.63407194e-17  7.12856501e+00
  -1.43725373e+01  2.67450335e-16  6.68223389e-17 -3.99800140e-16]]",38
"[[4.15781358e-01 1.40556496e+01 5.64226911e+00 1.57698474e+01
  1.50889366e-01 1.65401743e+01 1.67014873e+01 1.36726842e+00
  7.02158254e+01 3.98929032e-01 5.77541889e+00 3.30789674e+00
  4.24529603e+00 3.04583098e-01 6.98648324e+00 5.57826757e-01
  4.48613803e-01 4.17562908e+00 8.98309543e+00 1.22641115e+00
  2.27781728e+01 1.99440667e+00 1.65128672e+00 4.15412470e-01
  8.78090250e-02 1.04337704e+01 2.72302768e+01 3.59921401e+00
  1.80245748e-01 5.87335641e-03 1.31696425e-30 1.67032541e+01
  6.72920689e+01 3.24337432e-31 5.31802071e-31 6.60204003e-31]]","[[ 1.16096779e+00  6.12284190e+00  4.08917477e+00  6.73169901e+00
  -8.65011635e-01  7.10984402e+00  7.12873252e+00  2.02074304e+00
  -1.42130939e+01  1.09309114e+00  4.23494425e+00 -3.36936508e+00
  -3.57501762e+00  8.47493242e-01  4.62872858e+00 -1.06914245e+00
  -1.10315751e+00 -3.34152047e+00  5.35676997e+00 -2.13925476e+00
  -8.49450243e+00  1.86091219e+00  2.45377055e+00  1.17452430e+00
   4.32249971e-01  5.52738311e+00  9.28461810e+00  3.04960454e+00
  -6.78692829e-01  1.48479951e-01  9.04351838e-17  7.14652934e+00
  -1.44193403e+01  2.40705301e-16  1.04967631e-16 -1.71351413e-16]]",39
"[[4.26677738e-01 1.42606239e+01 5.75705775e+00 1.60572164e+01
  1.63253684e-01 1.69047868e+01 1.70688255e+01 1.39405177e+00
  7.15258223e+01 4.07540849e-01 5.90698231e+00 3.40913374e+00
  4.33596014e+00 3.07105647e-01 7.13835490e+00 5.60683237e-01
  4.56081307e-01 4.23471896e+00 9.20630289e+00 1.27132203e+00
  2.33437283e+01 1.99357994e+00 1.71151747e+00 4.26539251e-01
  8.82785314e-02 1.06365355e+01 2.78938682e+01 3.64519405e+00
  1.82499056e-01 6.22318831e-03 1.30383052e-30 1.70705367e+01
  6.88261846e+01 3.34476396e-31 5.29000716e-31 6.60931803e-31]]","[[ 1.16756654e+00  6.09837637e+00  4.09403421e+00  6.72566292e+00
  -8.96295072e-01  7.12688037e+00  7.14685388e+00  2.01980559e+00
  -1.42102890e+01  1.09603668e+00  4.24655625e+00 -3.39892000e+00
  -3.58236799e+00  8.37365495e-01  4.63674477e+00 -1.05406909e+00
  -1.10217448e+00 -3.32493128e+00  5.38059134e+00 -2.16444220e+00
  -8.53574701e+00  1.81308643e+00  2.48541989e+00  1.18068783e+00
   4.25734600e-01  5.52881343e+00  9.32357248e+00  3.03095192e+00
  -6.74508438e-01  1.53844959e-01  8.73845752e-17  7.16284504e+00
  -1.44630160e+01  3.32316830e-16  4.43044858e-17 -6.86017873e-17]]",40
"[[4.37572424e-01 1.44591283e+01 5.87050188e+00 1.63387589e+01
  1.76257745e-01 1.72662076e+01 1.74332176e+01 1.42021437e+00
  7.28144352e+01 4.16097299e-01 6.03736311e+00 3.51117834e+00
  4.42578092e+00 3.09400608e-01 7.28809447e+00 5.63230183e-01
  4.63438569e-01 4.29151427e+00 9.42869041e+00 1.31674341e+00
  2.39086757e+01 1.99130156e+00 1.77283549e+00 4.37627831e-01
  8.86880570e-02 1.08360768e+01 2.85548395e+01 3.68916634e+00
  1.84655745e-01 6.57822748e-03 1.31467078e-30 1.74343175e+01
  7.03493542e+01 3.46400015e-31 6.07530371e-31 7.06960052e-31]]","[[ 1.17394178e+00  6.07258553e+00  4.09817003e+00  6.71801369e+00
  -9.27647370e-01  7.14252514e+00  7.16366036e+00  2.01808265e+00
  -1.42048417e+01  1.09882456e+00  4.25715988e+00 -3.42799404e+00
  -3.58907006e+00  8.26882055e-01  4.64330759e+00 -1.03896046e+00
  -1.10112696e+00 -3.30730716e+00  5.40329110e+00 -2.18910917e+00
  -8.57569605e+00  1.76465902e+00  2.51693717e+00  1.18653019e+00
   4.19109866e-01  5.52902030e+00  9.36070478e+00  3.01144839e+00
  -6.70158149e-01  1.58887676e-01 -7.58807870e-17  7.17764613e+00
  -1.45038026e+01  1.75519850e-16  3.29390293e-16 -2.91170393e-16]]",41
"[[4.48463193e-01 1.46512441e+01 5.98261447e+00 1.66144999e+01
  1.89912228e-01 1.76244504e+01 1.77946511e+01 1.44574660e+00
  7.40818540e+01 4.24597437e-01 6.16654840e+00 3.61402358e+00
  4.51475894e+00 3.11471895e-01 7.43564412e+00 5.65478842e-01
  4.70687414e-01 4.34603301e+00 9.65023326e+00 1.36266676e+00
  2.44729846e+01 1.98764797e+00 1.83524708e+00 4.48677193e-01
  8.90395201e-02 1.10323996e+01 2.92131322e+01 3.73115462e+00
  1.86717104e-01 6.93745312e-03 1.30996081e-30 1.77945873e+01
  7.18614678e+01 3.79051390e-31 6.01455067e-31 7.08314004e-31]]","[[ 1.18010526e+00  6.04559168e+00  4.10165390e+00  6.70888004e+00
  -9.59048089e-01  7.15690480e+00  7.17925445e+00  2.01560922e+00
  -1.41970015e+01  1.10146370e+00  4.26682755e+00 -3.45662030e+00
  -3.59517789e+00  8.16063821e-01  4.64847720e+00 -1.02383919e+00
  -1.10002450e+00 -3.28872046e+00  5.42494932e+00 -2.21328421e+00
  -8.61444985e+00  1.71570556e+00  2.54833343e+00  1.19207718e+00
   4.12388987e-01  5.52809980e+00  9.39614916e+00  2.99115928e+00
  -6.65655659e-01  1.63614629e-01 -1.60144433e-16  7.19105387e+00
  -1.45419140e+01  3.48008322e-16  2.96451264e-16 -3.53833269e-16]]",42
"[[4.59347752e-01 1.48370520e+01 6.09340854e+00 1.68844653e+01
  2.04227110e-01 1.79795300e+01 1.81531125e+01 1.47063948e+00
  7.53282656e+01 4.33040213e-01 6.29452628e+00 3.71766197e+00
  4.60289460e+00 3.13323547e-01 7.58094702e+00 5.67440074e-01
  4.77829468e-01 4.39829383e+00 9.87090710e+00 1.40908377e+00
  2.50366215e+01 1.98269457e+00 1.89875790e+00 4.59686520e-01
  8.93348187e-02 1.12255100e+01 2.98686876e+01 3.77118299e+00
  1.88684410e-01 7.29987052e-03 1.47730273e-30 1.81513379e+01
  7.33624146e+01 3.87353862e-31 5.96427431e-31 7.01783155e-31]]","[[ 1.18606727e+00  6.01750483e+00  4.10455050e+00  6.69837859e+00
  -9.90477504e-01  7.17013420e+00  7.19372774e+00  2.01241752e+00
  -1.41869929e+01  1.10396169e+00  4.27562541e+00 -3.48482806e+00
  -3.60073989e+00  8.04929923e-01  4.65230777e+00 -1.00872508e+00
  -1.09887483e+00 -3.26923677e+00  5.44563834e+00 -2.23699390e+00
  -8.65209706e+00  1.66629506e+00  2.57961772e+00  1.19735279e+00
   4.05583993e-01  5.52613858e+00  9.43002628e+00  2.97014391e+00
  -6.61013252e-01  1.68032770e-01  2.80654105e-16  7.20317790e+00
  -1.45775418e+01  2.03239377e-16  2.98221323e-16 -2.94949075e-16]]",43
"[[4.70223748e-01 1.50166320e+01 6.20289713e+00 1.71486823e+01
  2.19211659e-01 1.83314627e+01 1.85085876e+01 1.49488467e+00
  7.65538549e+01 4.41424494e-01 6.42128576e+00 3.82208546e+00
  4.69018817e+00 3.14959734e-01 7.72394737e+00 5.69124386e-01
  4.84866177e-01 4.44831599e+00 1.00906879e+01 1.45598633e+00
  2.55995503e+01 1.97651571e+00 1.96337309e+00 4.70655170e-01
  8.95758297e-02 1.14154141e+01 3.05214468e+01 3.80927595e+00
  1.90558937e-01 7.66451145e-03 1.47089601e-30 1.85045617e+01
  7.48520824e+01 3.83480323e-31 6.36069269e-31 6.94765323e-31]]","[[ 1.19183688e+00  5.98842399e+00  4.10691826e+00  6.68661495e+00
  -1.02191661e+00  7.18231760e+00  7.20716207e+00  2.00853734e+00
  -1.41750174e+01  1.10632492e+00  4.28361394e+00 -3.51264316e+00
  -3.60579945e+00  7.93497935e-01  4.65484811e+00 -9.93635511e-01
  -1.09768419e+00 -3.24891559e+00  5.46542355e+00 -2.26026293e+00
  -8.68871602e+00  1.61649058e+00  2.61079738e+00  1.20237934e+00
   3.98705844e-01  5.52321489e+00  9.46244461e+00  2.94845621e+00
  -6.56241944e-01  1.72149331e-01  3.44056210e-16  7.21411738e+00
  -1.46108584e+01  1.82915439e-16  5.48433145e-17 -2.65454167e-16]]",44
"[[4.81088770e-01 1.51900636e+01 6.31109332e+00 1.74071791e+01
  2.34874422e-01 1.86802655e+01 1.88610615e+01 1.51847447e+00
  7.77588045e+01 4.49749076e-01 6.54681674e+00 3.92728552e+00
  4.77663976e+00 3.16384756e-01 7.86459060e+00 5.70541964e-01
  4.91798833e-01 4.49611928e+00 1.03095518e+01 1.50336650e+00
  2.61617320e+01 1.96918465e+00 2.02909719e+00 4.81582654e-01
  8.97644091e-02 1.16021188e+01 3.11713505e+01 3.84545837e+00
  1.92341952e-01 8.03043450e-03 1.54059083e-30 1.88542519e+01
  7.63303584e+01 3.79842003e-31 6.29742118e-31 6.87817670e-31]]","[[ 1.19742202e+00  5.95843826e+00  4.10880996e+00  6.67368480e+00
  -1.05334710e+00  7.19354961e+00  7.21963056e+00  2.00399622e+00
  -1.41612565e+01  1.10855884e+00  4.29084850e+00 -3.54008838e+00
  -3.61039545e+00  7.81784074e-01  4.65614237e+00 -9.78585788e-01
  -1.09645755e+00 -3.22781088e+00  5.48436401e+00 -2.28311418e+00
  -8.72437591e+00  1.56634979e+00  2.64187827e+00  1.20717755e+00
   3.91764542e-01  5.51939936e+00  9.49350162e+00  2.92614532e+00
  -6.51351625e-01  1.75971702e-01  6.00173875e-16  7.22396195e+00
  -1.46420181e+01  1.50606671e-16  5.51504964e-17 -2.38908751e-16]]",45
"[[4.91940360e-01 1.53574258e+01 6.41801023e+00 1.76599846e+01
  2.51223223e-01 1.90259563e+01 1.92105187e+01 1.54140180e+00
  7.89432949e+01 4.58012702e-01 6.67111004e+00 4.03325311e+00
  4.86224938e+00 3.17603044e-01 8.00282339e+00 5.71702697e-01
  4.98628597e-01 4.54172407e+00 1.05274753e+01 1.55121647e+00
  2.67231255e+01 1.96077351e+00 2.09593425e+00 4.92468625e-01
  8.99023909e-02 1.17856309e+01 3.18183392e+01 3.87975552e+00
  1.94034716e-01 8.39672530e-03 1.61071390e-30 1.92004022e+01
  7.77971288e+01 3.94421349e-31 6.23444697e-31 7.16282827e-31]]","[[ 1.20282964e+00  5.92762792e+00  4.11027329e+00  6.65967480e+00
  -1.08475136e+00  7.20391613e+00  7.23119855e+00  1.99881973e+00
  -1.41458729e+01  1.11066807e+00  4.29737985e+00 -3.56718379e+00
  -3.61456272e+00  7.69803368e-01  4.65623051e+00 -9.63589462e-01
  -1.09519884e+00 -3.20597163e+00  5.50251305e+00 -2.30556886e+00
  -8.75913775e+00  1.51592550e+00  2.67286501e+00  1.21176660e+00
   3.84769229e-01  5.51475577e+00  9.52328485e+00  2.90325609e+00
  -6.46351175e-01  1.79507330e-01  8.32609864e-16  7.23279265e+00
  -1.46711595e+01  2.71110626e-16  4.96354468e-17 -4.03016103e-16]]",46
"[[5.02776011e-01 1.55187972e+01 6.52366104e+00 1.79071286e+01
  2.68265155e-01 1.93685538e+01 1.95569430e+01 1.56366023e+00
  8.01075045e+01 4.66214074e-01 6.79415734e+00 4.13997872e+00
  4.94701693e+00 3.18619159e-01 8.13859385e+00 5.72616201e-01
  5.05356511e-01 4.58515126e+00 1.07444351e+01 1.59952856e+00
  2.72836874e+01 1.95135330e+00 2.16388780e+00 5.03312854e-01
  8.99915869e-02 1.19659578e+01 3.24623530e+01 3.91219308e+00
  1.95638489e-01 8.76249678e-03 1.59726760e-30 1.95430067e+01
  7.92522791e+01 3.90477136e-31 6.19335647e-31 7.14244769e-31]]","[[ 1.20806581e+00  5.89606527e+00  4.11135142e+00  6.64466345e+00
  -1.11611243e+00  7.21349509e+00  7.24192441e+00  1.99303168e+00
  -1.41290133e+01  1.11265656e+00  4.30325454e+00 -3.59394701e+00
  -3.61833247e+00  7.57569806e-01  4.65514884e+00 -9.48658590e-01
  -1.09391112e+00 -3.18344228e+00  5.51991879e+00 -2.32764660e+00
  -8.79305538e+00  1.46526619e+00  2.70376116e+00  1.21616429e+00
   3.77728273e-01  5.50934172e+00  9.55187287e+00  2.87982956e+00
  -6.41248571e-01  1.82763641e-01  6.97765536e-16  7.24068268e+00
  -1.46984068e+01  2.43999563e-16 -1.43012977e-18 -2.91126997e-16]]",47
"[[5.13593176e-01 1.56742557e+01 6.62805895e+00 1.81486417e+01
  2.86006574e-01 1.97080773e+01 1.99003180e+01 1.58524397e+00
  8.12516099e+01 4.74351867e-01 6.91595118e+00 4.24745234e+00
  5.03094222e+00 3.19437787e-01 8.27185153e+00 5.73291836e-01
  5.11983520e-01 4.62642222e+00 1.09604079e+01 1.64829516e+00
  2.78433724e+01 1.94099381e+00 2.23296091e+00 5.14115224e-01
  9.00337865e-02 1.21431071e+01 3.31033316e+01 3.94279712e+00
  1.97154527e-01 9.12688936e-03 1.61620185e-30 1.98820601e+01
  8.06956941e+01 4.22825235e-31 6.13150242e-31 7.16236371e-31]]","[[ 1.21313586e+00  5.86381546e+00  4.11208339e+00  6.62872188e+00
  -1.14741399e+00  7.22235722e+00  7.25186031e+00  1.98665427e+00
  -1.41108092e+01  1.11452769e+00  4.30851537e+00 -3.62039348e+00
  -3.62173265e+00  7.45096474e-01  4.65293042e+00 -9.33803962e-01
  -1.09259671e+00 -3.16026323e+00  5.53662468e+00 -2.34936551e+00
  -8.82617623e+00  1.41441638e+00  2.73456936e+00  1.22038703e+00
   3.70649344e-01  5.50320928e+00  9.57933619e+00  2.85590336e+00
  -6.36050988e-01  1.85747981e-01  4.41155026e-16  7.24769819e+00
  -1.47238714e+01  4.10001473e-16 -4.10697650e-18 -3.57586520e-16]]",48
"[[5.24389273e-01 1.58238791e+01 6.73121722e+00 1.83845550e+01
  3.04453096e-01 2.00445467e+01 2.02406267e+01 1.60614788e+00
  8.23757857e+01 4.82424737e-01 7.03648494e+00 4.35566351e+00
  5.11402496e+00 3.20063743e-01 8.40254754e+00 5.73738723e-01
  5.18510484e-01 4.66555885e+00 1.11753707e+01 1.69750876e+00
  2.84021335e+01 1.92976369e+00 2.30315621e+00 5.24875712e-01
  9.00307554e-02 1.23170869e+01 3.37412146e+01 3.97159410e+00
  1.98584087e-01 9.48907118e-03 1.62663456e-30 2.02175574e+01
  8.21272580e+01 4.18596983e-31 6.13880555e-31 7.30854302e-31]]","[[ 1.21804441e+00  5.83093727e+00  4.11250457e+00  6.61191451e+00
  -1.17864036e+00  7.23056669e+00  7.26105285e+00  1.97970829e+00
  -1.40913791e+01  1.11628441e+00  4.31320174e+00 -3.64653669e+00
  -3.62478831e+00  7.32395672e-01  4.64960548e+00 -9.19035299e-01
  -1.09125738e+00 -3.13647114e+00  5.55266988e+00 -2.37074235e+00
  -8.85854208e+00  1.36341705e+00  2.76529150e+00  1.22445004e+00
   3.63539489e-01  5.49640549e+00  9.60573799e+00  2.83151209e+00
  -6.30764879e-01  1.88467565e-01  5.60118436e-16  7.25389892e+00
  -1.47476530e+01  3.69001325e-16  7.91397991e-17 -1.74246382e-16]]",49
"[[5.35161689e-01 1.59677447e+01 6.83314916e+00 1.86149004e+01
  3.23609589e-01 2.03779823e+01 2.05778519e+01 1.62636744e+00
  8.34802049e+01 4.90431334e-01 7.15575284e+00 4.46460134e+00
  5.19626480e+00 3.20501959e-01 8.53063463e+00 5.73965754e-01
  5.24938191e-01 4.70258348e+00 1.13893004e+01 1.74716189e+00
  2.89599217e+01 1.91773031e+00 2.37447588e+00 5.35594381e-01
  8.99842359e-02 1.24879055e+01 3.43759406e+01 3.99861088e+00
  1.99928421e-01 9.84823841e-03 1.61343735e-30 2.05494940e+01
  8.35468546e+01 4.15647982e-31 6.07741750e-31 7.25078150e-31]]","[[ 1.22279553e+00  5.79748373e+00  4.11264702e+00  6.59429972e+00
  -1.20977640e+00  7.23818170e+00  7.26954368e+00  1.97221329e+00
  -1.40708293e+01  1.11792929e+00  4.31735000e+00 -3.67238842e+00
  -3.62752187e+00  7.19479016e-01  4.64520173e+00 -9.04361419e-01
  -1.08989440e+00 -3.11209937e+00  5.56808968e+00 -2.39179254e+00
  -8.89018967e+00  1.31230599e+00  2.79592880e+00  1.22836731e+00
   3.56405192e-01  5.48897290e+00  9.63113490e+00  2.80668764e+00
  -6.25396057e-01  1.90929444e-01  5.59506322e-16  7.25933880e+00
  -1.47698410e+01  3.67271771e-16  7.12258192e-17 -1.95967508e-16]]",50
